subject_idx,weight,translation_mm,scalar_oracle_mm,vector_oracle_mm,directional_reduction_pct,mean_endpoint_cosine,rotation_deg
0,0.0,0.15134893899984592,0.15134893899984592,0.15134893899984592,0.0,0.46957006802315526,0.1513087160251316
0,0.25,0.15047291175797245,0.17351734155134663,0.150276689060035,13.280764670172719,0.46957006802315526,0.15825356401477636
0,0.5,0.1676071498546819,0.19568574410284734,0.1674497874933813,14.348819520244692,0.46957006802315526,0.3072037541204822
0,0.75,0.19912452394805064,0.21785414665434805,0.1990959707130504,8.59732210468971,0.46957006802315526,0.4731179117981982
0,1.0,0.24002254920584876,0.24002254920584876,0.24002254920584876,0.0,0.46957006802315526,0.6440990601014386
1,0.0,0.11069220554622783,0.11069220554622783,0.11069220554622783,0.0,-0.16052661482811634,0.1857571419626201
1,0.25,0.13626675376444425,0.20585899398031426,0.13652626005291058,33.805780777557345,-0.16052661482811634,0.22849913780108594
1,0.5,0.2459214533850374,0.3010257824144007,0.24604804952818057,18.30551808133999,-0.16052661482811634,0.39722084997123386
1,0.75,0.3670293105735056,0.3961925708484872,0.3671247795585785,7.360880142836979,-0.16052661482811634,0.5910668558828593
1,1.0,0.4913593592825736,0.4913593592825736,0.4913593592825736,0.0,-0.16052661482811634,0.7931607213173977
2,0.0,0.11846479976215996,0.11846479976215996,0.11846479976215996,0.0,-0.3048737185737385,0.19439532535857654
2,0.25,0.09090105468331236,0.14744351958532484,0.09093911676437023,38.34855886581819,-0.3048737185737385,0.13588686939926262
2,0.5,0.1125438097322144,0.17642223940848972,0.11264866507150605,36.20769688132719,-0.3048737185737385,0.263128348380139
2,0.75,0.16824304496825676,0.20540095923165458,0.16833465805158923,18.09042878981423,-0.3048737185737385,0.42971590662784653
2,1.0,0.23437967905481946,0.23437967905481946,0.23437967905481946,0.0,-0.3048737185737385,0.6039749452328254
3,0.0,0.17499486183268526,0.17499486183268526,0.17499486183268526,0.0,0.24731416266399908,0.26335093248189345
3,0.25,0.15369999424350556,0.18380680627041948,0.15405206204031818,16.3795958581753,0.24731416266399908,0.22586804827010337
3,0.5,0.15247686051484927,0.19261875070815374,0.15270457058025882,20.84007400407526,0.24731416266399908,0.3552056787129865
3,0.75,0.17344325521092172,0.20143069514588796,0.17381064878642388,13.89432723483186,0.24731416266399908,0.5355602268042886
3,1.0,0.21024263958362222,0.21024263958362222,0.21024263958362222,0.0,0.24731416266399908,0.7311542322876783
4,0.0,0.1932195723734768,0.1932195723734768,0.1932195723734768,0.0,-0.1795661419455334,0.1570866203506968
4,0.25,0.1509792572479245,0.22372229432752913,0.15103823545318218,32.514880690928784,-0.1795661419455334,0.18632429612241275
4,0.5,0.16774140245959346,0.25422501628158145,0.1679416935106646,34.018530153695856,-0.1795661419455334,0.4174999748928402
4,0.75,0.2317183167119242,0.2847277382356338,0.23183003518123735,18.617582485005478,-0.1795661419455334,0.6641217759879108
4,1.0,0.31523046018968615,0.31523046018968615,0.31523046018968615,0.0,-0.1795661419455334,0.9143130311118769
5,0.0,0.21013717255717962,0.21013717255717962,0.21013717255717962,0.0,-0.2848735163654656,0.2606919265239786
5,0.25,0.1681194976900455,0.27872445966115833,0.16838894663014592,39.68254601895141,-0.2848735163654656,0.24121140210849729
5,0.5,0.23439394470465902,0.3473117467651371,0.2347491063180059,32.511944416563765,-0.2848735163654656,0.40402657943568027
5,0.75,0.35188535517111186,0.41589903386911586,0.35200951740861364,15.391639192446217,-0.2848735163654656,0.6187928714680403
5,1.0,0.4844863209730946,0.4844863209730946,0.4844863209730946,0.0,-0.2848735163654656,0.8479790048600445
6,0.0,0.1404283461281764,0.1404283461281764,0.1404283461281764,0.0,-0.10298828106103786,0.2510312404419518
6,0.25,0.11641329784445867,0.17594204735439978,0.11683344354696275,33.834293965007944,-0.10298828106103786,0.2067057394231645
6,0.5,0.1505560420991286,0.2114557485806232,0.15103962140170346,28.800213231505,-0.10298828106103786,0.3630362571228213
6,0.75,0.21218150676149167,0.2469694498068466,0.2124849493948544,14.085929685862919,-0.10298828106103786,0.5656304771139999
6,1.0,0.28248315103307,0.28248315103307,0.28248315103307,0.0,-0.10298828106103786,0.7824609059588103
7,0.0,0.19845055992758562,0.19845055992758562,0.19845055992758562,0.0,0.16851297520158187,0.24176856026657223
7,0.25,0.17046511045322357,0.20984943055156258,0.17032836265479057,18.76789467325326,0.16851297520158187,0.21110888285954155
7,0.5,0.17005978546954537,0.22124830117553954,0.16997917585126396,23.136229943470134,0.16851297520158187,0.3064055314933613
7,0.75,0.1979074656573469,0.2326471717995165,0.19787005982038497,14.93235695644154,0.16851297520158187,0.44958802444578716
7,1.0,0.24404604242349345,0.24404604242349345,0.24404604242349345,0.0,0.16851297520158187,0.6088586376833776
8,0.0,0.14407829389911558,0.14407829389911558,0.14407829389911558,0.0,0.12068931779855274,0.21331782249926498
8,0.25,0.13590241704691777,0.17498877660295453,0.13597564042918542,22.336495125468993,0.12068931779855274,0.18791719497940745
8,0.5,0.1608626556340395,0.20589925930679348,0.1609209093378674,21.873125636478687,0.12068931779855274,0.3020851278712573
8,0.75,0.2082694785618389,0.23680974201063243,0.20834527763755167,12.051980297124821,0.12068931779855274,0.4613461086095457
8,1.0,0.2677202247144714,0.2677202247144714,0.2677202247144714,0.0,0.12068931779855274,0.6327287071187639
9,0.0,0.20174522708009626,0.20174522708009626,0.20174522708009626,0.0,0.4550980964126863,0.2573047372777368
9,0.25,0.18966112229192297,0.21598991506623444,0.18976253543242566,12.18982505096944,0.4550980964126863,0.20848166788837463
9,0.5,0.19692438094891754,0.2302346030523726,0.19703995209604253,14.467947763646027,0.4550980964126863,0.3482534009242827
9,0.75,0.22156145390285167,0.24447929103851077,0.22161984047667493,9.374142504384563,0.4550980964126863,0.5473109805803467
9,1.0,0.25872397902464894,0.25872397902464894,0.25872397902464894,0.0,0.4550980964126863,0.7604114870491008
10,0.0,0.20841761986234308,0.20841761986234308,0.20841761986234308,0.0,-0.023915494657812342,0.28905414850968697
10,0.25,0.16962759259561466,0.22338017995731418,0.16951556038579457,24.063275162537302,-0.023915494657812342,0.19385045086567254
10,0.5,0.1690120448390076,0.2383427400522853,0.16899825500859983,29.088654094548293,-0.023915494657812342,0.3205068872100265
10,0.75,0.207433905788893,0.25330530014725644,0.20742216334275487,18.10913326002124,-0.023915494657812342,0.5295588992072859
10,1.0,0.26826786024222754,0.26826786024222754,0.26826786024222754,0.0,-0.023915494657812342,0.7561112980391824
11,0.0,0.18441520837209296,0.18441520837209296,0.18441520837209296,0.0,0.37304396874179624,0.25857574194326927
11,0.25,0.16736120092005016,0.1947765085604557,0.16767980354071535,14.075263923265279,0.37304396874179624,0.22122693250821696
11,0.5,0.1700824781867732,0.20513780874881837,0.17022366673124317,17.088673597449212,0.37304396874179624,0.32818756191863935
11,0.75,0.1911759826412586,0.2154991089371811,0.1913316227804612,11.286880217687024,0.37304396874179624,0.4925859544143808
11,1.0,0.2258604091255438,0.2258604091255438,0.2258604091255438,0.0,0.37304396874179624,0.6736366296076621
12,0.0,0.1261101985471572,0.1261101985471572,0.1261101985471572,0.0,0.5478511032795996,0.18129000652186736
12,0.25,0.1318327540115961,0.14882150202976707,0.1317098567279811,11.415519791469986,0.5478511032795996,0.15474815196308087
12,0.5,0.15165683954732467,0.17153280551237698,0.1516699985184634,11.587268048045862,0.5478511032795996,0.2964641577506423
12,0.75,0.18150552178581703,0.1942441089949869,0.18142400670105963,6.558030137994364,0.5478511032795996,0.4697864059475075
12,1.0,0.21695541247759678,0.21695541247759678,0.21695541247759678,0.0,0.5478511032795996,0.6507648254110876
13,0.0,0.2214662651127262,0.2214662651127262,0.2214662651127262,0.0,0.7235663293123382,0.2747597266265327
13,0.25,0.23144385941823714,0.24670939183033952,0.23186081779259082,6.187657591325257,0.7235663293123382,0.29023373469176356
13,0.5,0.25259204817726766,0.27195251854795277,0.2530461898695231,7.119062722440395,0.7235663293123382,0.41284736141920286
13,0.75,0.2837412636852418,0.297195645265566,0.2839518657618217,4.527112625860241,0.7235663293123382,0.5776264799023092
13,1.0,0.32243877198317933,0.32243877198317933,0.32243877198317933,0.0,0.7235663293123382,0.7578900547996855
14,0.0,0.16667191806070286,0.16667191806070286,0.16667191806070286,0.0,0.5807181031261336,0.20298651550615285
14,0.25,0.153470312084091,0.1653349745659024,0.15326907346046365,7.176135910119941,0.5807181031261336,0.13962612334999716
14,0.5,0.14563887516075263,0.16399803107110195,0.14552103424532142,11.194741662715224,0.5807181031261336,0.24348923932793348
14,0.75,0.14730895711222886,0.1626610875763015,0.1473162787228634,9.438108826655434,0.5807181031261336,0.397880212164426
14,1.0,0.16132414408150103,0.16132414408150103,0.16132414408150103,0.0,0.5807181031261336,0.5624986483487331
15,0.0,0.1512639771876169,0.1512639771876169,0.1512639771876169,0.0,-0.21010290119083808,0.2301264755066629
15,0.25,0.11488016928395983,0.17168557787326774,0.11495474403327818,33.08688434577752,-0.21010290119083808,0.164168599816384
15,0.5,0.12355323467970816,0.19210717855891857,0.12378588535290108,35.68525881930287,-0.21010290119083808,0.27868562279263337
15,0.75,0.17018519983112168,0.2125287792445694,0.17029365190831575,19.92369201195122,-0.21010290119083808,0.45141704920192494
15,1.0,0.23295037993022025,0.23295037993022025,0.23295037993022025,0.0,-0.21010290119083808,0.6371168615774518
16,0.0,0.15921089526788273,0.15921089526788273,0.15921089526788273,0.0,-0.3782860895878833,0.2276516899675411
16,0.25,0.11294271525942584,0.20464143024816,0.11308767023657176,44.80945763403579,-0.3782860895878833,0.17260596056666322
16,0.5,0.14750691501892965,0.2500719652284373,0.14781930593481604,41.014213694772174,-0.3782860895878833,0.3428466250988239
16,0.75,0.23854544610792502,0.29550250020871455,0.2387181713928356,19.27464372063199,-0.3782860895878833,0.5501544122767426
16,1.0,0.3409330351889918,0.3409330351889918,0.3409330351889918,0.0,-0.3782860895878833,0.7660455845578784
17,0.0,0.21668539590640423,0.21668539590640423,0.21668539590640423,0.0,-0.3374456429443994,0.23514796944180277
17,0.25,0.16351078180642706,0.25403880538573825,0.16352324761888457,35.635509874899384,-0.3374456429443994,0.20845945053900322
17,0.5,0.17821771360070662,0.2913922148650723,0.1783152346458395,38.83923299624548,-0.3374456429443994,0.3815727719490519
17,0.75,0.2598898811681949,0.32874562434440624,0.25997445354673504,20.94499153061745,-0.3374456429443994,0.5924491839826742
17,1.0,0.3660990338237403,0.3660990338237403,0.3660990338237403,0.0,-0.3374456429443994,0.8134680608374946
18,0.0,0.16708621178570138,0.16708621178570138,0.16708621178570138,0.0,-0.3977612655109328,0.23324255713726133
18,0.25,0.12202857831730704,0.21493451353562948,0.12247697495915219,43.225228787149405,-0.3977612655109328,0.20316117739520523
18,0.5,0.1634887597402545,0.2627828152855576,0.16390649740987123,37.78559699096131,-0.3977612655109328,0.3385767394582932
18,0.75,0.2542081444240195,0.3106311170354856,0.25449138308526537,18.163979561976884,-0.3977612655109328,0.5215720990535077
18,1.0,0.3584794187854138,0.3584794187854138,0.3584794187854138,0.0,-0.3977612655109328,0.7176733199865246
19,0.0,0.15378466810184607,0.15378466810184607,0.15378466810184607,0.0,0.10779856449284064,0.23057580625370694
19,0.25,0.16270685216038472,0.21878961010437079,0.16296691853272974,25.633190679042073,0.10779856449284064,0.24183823621788475
19,0.5,0.2288979180779338,0.2837945521068955,0.22914866556805957,19.34379417131449,0.10779856449284064,0.38523930162527487
19,0.75,0.3173191709270919,0.3487994941094202,0.31746724824536937,9.025335103396904,0.10779856449284064,0.567367248472318
19,1.0,0.41380443611194495,0.41380443611194495,0.41380443611194495,0.0,0.10779856449284064,0.7617681306894994
20,0.0,0.29372960670287407,0.29372960670287407,0.29372960670287407,0.0,0.4018834766463458,0.33981950726763344
20,0.25,0.2667535026964214,0.3078376442333012,0.26771320920804587,13.34604207981247,0.4018834766463458,0.34747854426972663
20,0.5,0.2691022916122604,0.32194568176372823,0.2697120901181855,16.41375957023984,0.4018834766463458,0.4595158616876275
20,0.75,0.29919238482006405,0.3360537192941553,0.2995875874471129,10.968881567957201,0.4018834766463458,0.6258851714957261
20,1.0,0.3501617568245824,0.3501617568245824,0.3501617568245824,0.0,0.4018834766463458,0.8133822213281604
21,0.0,0.1752833149169274,0.1752833149169274,0.1752833149169274,0.0,0.052209266546007424,0.3084992315333701
21,0.25,0.16394313430700308,0.23334606377260594,0.16426909968035222,29.74248990685162,0.052209266546007424,0.2944475558618114
21,0.5,0.2196376883342484,0.2914088126282845,0.22015163831793944,24.62901641399087,0.052209266546007424,0.4565628568198672
21,0.75,0.30780708844589466,0.3494715614839631,0.308201320915303,11.922135483971374,0.052209266546007424,0.6790228195584663
21,1.0,0.4075343103396416,0.4075343103396416,0.4075343103396416,0.0,0.052209266546007424,0.9190792325219572
22,0.0,0.08259292719021634,0.08259292719021634,0.08259292719021634,0.0,0.7400977238276416,0.20197082103448336
22,0.25,0.09848933650834299,0.10580538505446391,0.09871099308786069,6.9146277784962855,0.7400977238276416,0.16000130687317304
22,0.5,0.12088914465824904,0.12901784291871146,0.12105878864052347,6.300445021068879,0.7400977238276416,0.2606483960205819
22,0.75,0.14699947170614888,0.15223030078295904,0.14710988459206803,3.436128714130293,0.7400977238276416,0.4117189026446967
22,1.0,0.1754427586472066,0.1754427586472066,0.1754427586472066,0.0,0.7400977238276416,0.5746409963428043
23,0.0,0.25287202054158875,0.25287202054158875,0.25287202054158875,0.0,0.4916612054987641,0.29887748595772806
23,0.25,0.22565839051371672,0.2513042344927246,0.22555153366707523,10.20509822716511,0.4916612054987641,0.27157695758205075
23,0.5,0.21411781385653142,0.24973644844386045,0.2140780457897466,14.262489440077042,0.4916612054987641,0.38099598476513186
23,0.75,0.22255001565522098,0.2481686623949963,0.2223531610143547,10.323078866017156,0.4916612054987641,0.5462057795802707
23,1.0,0.24660087634613215,0.24660087634613215,0.24660087634613215,0.0,0.4916612054987641,0.7334069735820683
24,0.0,0.1998360017121258,0.1998360017121258,0.1998360017121258,0.0,0.5852221159816592,0.19332731866895303
24,0.25,0.17930635698949876,0.19583811897262457,0.17921522956428443,8.441544511279098,0.5852221159816592,0.18818227485325634
24,0.5,0.16883388937200966,0.19184023623312335,0.16887547071280828,11.992451277612314,0.5852221159816592,0.30344965578424565
24,0.75,0.17054495721414134,0.18784235349362213,0.17066424232464578,9.208464415916772,0.5852221159816592,0.45593480298024824
24,1.0,0.18384447075412091,0.18384447075412091,0.18384447075412091,0.0,0.5852221159816592,0.6190180687993708
25,0.0,0.18565321963726886,0.18565321963726886,0.18565321963726886,0.0,0.24429547631347148,0.2518384062248352
25,0.25,0.17698174070085562,0.21822240433602066,0.1771708829894436,18.89845534451281,0.24429547631347148,0.25484447892632517
25,0.5,0.20207156451957037,0.2507915890347725,0.2022335054032589,19.426498592999884,0.24429547631347148,0.3918135521545491
25,0.75,0.25222325535370455,0.2833607737335243,0.2523414234032405,10.988648135574985,0.24429547631347148,0.5705617138208108
25,1.0,0.3159299584322761,0.3159299584322761,0.3159299584322761,0.0,0.24429547631347148,0.7622483579493777
26,0.0,0.16053686923940153,0.16053686923940153,0.16053686923940153,0.0,0.005535962375354192,0.23267698502962442
26,0.25,0.1361074425057059,0.1838508590096124,0.1363582858777045,25.96855775441893,0.005535962375354192,0.23735018858452045
26,0.5,0.1502546868006009,0.20716484877982325,0.15054892038412765,27.47095480455133,0.005535962375354192,0.3947001998829146
26,0.75,0.19458259792590038,0.2304788385500341,0.19476279698670257,15.574636200859315,0.005535962375354192,0.5942516332814982
26,1.0,0.25379282832024497,0.25379282832024497,0.25379282832024497,0.0,0.005535962375354192,0.8061900997144766
27,0.0,0.09757627305731205,0.09757627305731205,0.09757627305731205,0.0,0.37602534853780745,0.22106210779187355
27,0.25,0.10716588673343068,0.12789824225544905,0.10720753975190106,16.21003944730528,0.37602534853780745,0.14641802336358364
27,0.5,0.13476630607145476,0.15822021145358606,0.13484764886508377,14.823583641216098,0.37602534853780745,0.31254189466340676
27,0.75,0.17431931032563724,0.1885421806517231,0.17439689696177793,7.54360126573399,0.37602534853780745,0.5098388353609695
27,1.0,0.21886414984986008,0.21886414984986008,0.21886414984986008,0.0,0.37602534853780745,0.7143337825525807
28,0.0,0.14746233886886204,0.14746233886886204,0.14746233886886204,0.0,0.7177938942966199,0.1711753883995651
28,0.25,0.17315832239751033,0.18605604046445337,0.1731168103273324,6.932168412670903,0.7177938942966199,0.20963121416451858
28,0.5,0.21038329985408094,0.22464974206004473,0.21041061332918648,6.350526858005756,0.7177938942966199,0.38395913671849813
28,0.75,0.25423569459231105,0.26324344365563607,0.2542962671998117,3.421832254674717,0.7177938942966199,0.5829312600267915
28,1.0,0.3018371452512274,0.3018371452512274,0.3018371452512274,0.0,0.7177938942966199,0.7881431911380111
29,0.0,0.21151065072423375,0.21151065072423375,0.21151065072423375,0.0,0.4547930783727028,0.29634076758950334
29,0.25,0.19355254963139445,0.21583566071574298,0.19352278998673011,10.32411002447623,0.4547930783727028,0.2546353471738449
29,0.5,0.1905308133684869,0.22016067070725215,0.19049892324986045,13.4582880964076,0.4547930783727028,0.3569003044672662
29,0.75,0.20344954710585111,0.22448568069876135,0.20351868741212378,9.370813108181608,0.4547930783727028,0.5174768225682266
29,1.0,0.22881069069027057,0.22881069069027057,0.22881069069027057,0.0,0.4547930783727028,0.698099572375845
30,0.0,0.2110406640593704,0.2110406640593704,0.2110406640593704,0.0,0.6408385424058709,0.2160109041704525
30,0.25,0.21799652637960548,0.23806103651336671,0.21808696502775435,8.428304953899769,0.6408385424058709,0.2650433721653188
30,0.5,0.24064051239788867,0.26508140896736304,0.24075090835019003,9.220147374606547,0.6408385424058709,0.4110653058724152
30,0.75,0.27545165376466013,0.29210178142135934,0.27554573202340554,5.700111644537098,0.6408385424058709,0.5854424002184404
30,1.0,0.3191221538753557,0.3191221538753557,0.3191221538753557,0.0,0.6408385424058709,0.7693488643959007
31,0.0,0.14802903568782982,0.14802903568782982,0.14802903568782982,0.0,0.15027938879038222,0.20747466312540086
31,0.25,0.12458986508225145,0.15608717921298673,0.12431834739537104,20.179308953848174,0.15027938879038222,0.163939054947912
31,0.5,0.12250517805155026,0.16414532273814364,0.12246287658596514,25.367853309485234,0.15027938879038222,0.30417843827759694
31,0.75,0.14383928067437424,0.17220346626330058,0.1439001170076542,16.471320934711763,0.15027938879038222,0.48743585341403084
31,1.0,0.18026160978845748,0.18026160978845748,0.18026160978845748,0.0,0.15027938879038222,0.6805133392034024
32,0.0,0.2408653442001105,0.2408653442001105,0.2408653442001105,0.0,-0.4897354915441201,0.25329569289058984
32,0.25,0.15760404836840047,0.25207000514604283,0.15780398307302845,37.47607999726553,-0.4897354915441201,0.18254297715543116
32,0.5,0.13155848394461206,0.26327466609197514,0.13176065139883333,50.02994936905474,-0.4897354915441201,0.3003451088077692
32,0.75,0.19062257153525491,0.27447932703790745,0.19079363649874398,30.55120996091314,-0.4897354915441201,0.4839527135803914
32,1.0,0.28568398798383976,0.28568398798383976,0.28568398798383976,0.0,-0.4897354915441201,0.6824415527147647
33,0.0,0.1079863297286478,0.1079863297286478,0.1079863297286478,0.0,0.35889458786197825,0.20237771258129492
33,0.25,0.09913202883652245,0.11940216010473231,0.09911165189110224,16.97635222882914,0.35889458786197825,0.13110385380508272
33,0.5,0.10530903380533943,0.13081799048081683,0.10537236343696142,19.499578446145016,0.35889458786197825,0.26009514171202947
33,0.75,0.12529816369287683,0.14223382085690134,0.12532436007023404,11.906912900176636,0.35889458786197825,0.43885736766226635
33,1.0,0.15364965123298585,0.15364965123298585,0.15364965123298585,0.0,0.35889458786197825,0.6263835794008155
34,0.0,0.06367054870491187,0.06367054870491187,0.06367054870491187,0.0,0.14286963042687023,0.1968431146416858
34,0.25,0.0848252556713461,0.10988038200829073,0.08506253858293585,22.802183500831074,0.14286963042687023,0.14750893390162412
34,0.5,0.13397787785950283,0.1560902153116696,0.1341730220763115,14.166382824198475,0.14286963042687023,0.31148342857052747
34,0.75,0.19006575025383277,0.20230004861504847,0.19014484910952456,6.047600307054813,0.14286963042687023,0.5139136801204223
34,1.0,0.24850988191842732,0.24850988191842732,0.24850988191842732,0.0,0.14286963042687023,0.7239901123110397
35,0.0,0.24121692033338296,0.24121692033338296,0.24121692033338296,0.0,-0.42573372831418155,0.2543646829678762
35,0.25,0.16522566102484504,0.23761472056965643,0.16536270035011197,30.4648884426294,-0.42573372831418155,0.17887834363566435
35,0.5,0.12367014738656114,0.23401252080592994,0.12378929953448808,47.15233742167043,-0.42573372831418155,0.28945030294812535
35,0.75,0.1523091815700855,0.23041032104220338,0.1524498894139903,33.89654557089584,-0.42573372831418155,0.4676770266300767
35,1.0,0.22680812127847688,0.22680812127847688,0.22680812127847688,0.0,-0.42573372831418155,0.6604517501466719
36,0.0,0.1797790736819319,0.1797790736819319,0.1797790736819319,0.0,0.08770673544002267,0.27952867568070927
36,0.25,0.157928268193276,0.21179370473448736,0.15818382186838326,25.432973377909953,0.08770673544002267,0.20480423783924376
36,0.5,0.17576936880234278,0.2438083357870428,0.17606391592137083,27.906743534859878,0.08770673544002267,0.3615644689748185
36,0.75,0.23256619850881693,0.2758229668395983,0.23269717202200027,15.682801481842091,0.08770673544002267,0.5843592405964544
36,1.0,0.3078375978921537,0.3078375978921537,0.3078375978921537,0.0,0.08770673544002267,0.8204095397219038
37,0.0,0.15657832604770816,0.15657832604770816,0.15657832604770816,0.0,0.7017971789319107,0.26176214344518234
37,0.25,0.17002198928454193,0.18375145950567034,0.17033347235112317,7.471761181143021,0.7017971789319107,0.31377043786158143
37,0.5,0.19513021163186026,0.21092459296363256,0.1954227731246564,7.4881648981043885,0.7017971789319107,0.5009143318896975
37,0.75,0.22791188536397777,0.23809772642159474,0.2280333419733092,4.27800853485728,0.7017971789319107,0.7266064724100375
37,1.0,0.26527085987955695,0.26527085987955695,0.26527085987955695,0.0,0.7017971789319107,0.964550339644743
38,0.0,0.12056615426152689,0.12056615426152689,0.12056615426152689,0.0,-0.17463505872292745,0.14912723917787207
38,0.25,0.09520193788361715,0.13755137603324002,0.09520334092626166,30.78808760109307,-0.17463505872292745,0.1484172828647587
38,0.5,0.10278263207731225,0.15453659780495316,0.10283359372282698,33.48977941973439,-0.17463505872292745,0.3081736819774086
38,0.75,0.13888101390858412,0.1715218195766663,0.13893835049033554,19.03011858703637,-0.17463505872292745,0.49001887345488226
38,1.0,0.18850704134837942,0.18850704134837942,0.18850704134837942,0.0,-0.17463505872292745,0.6764833659567062
39,0.0,0.12801630495012703,0.12801630495012703,0.12801630495012703,0.0,-0.32953612723267844,0.2099118339432362
39,0.25,0.09130923034406346,0.15895905763959078,0.0914243468804038,42.558019844902674,-0.32953612723267844,0.1686802532306277
39,0.5,0.11680901920615187,0.18990181032905457,0.11702197027470293,38.489781111749444,-0.32953612723267844,0.3258349093541217
39,0.75,0.1792613107678367,0.22084456301851835,0.17933698553694669,18.82919447158624,-0.32953612723267844,0.5266215656072624
39,1.0,0.25178731570798213,0.25178731570798213,0.25178731570798213,0.0,-0.32953612723267844,0.7368969670148005
40,0.0,0.19066759810415193,0.19066759810415193,0.19066759810415193,0.0,-0.12729183408771882,0.2594336084646015
40,0.25,0.17442376311558327,0.26804914513038647,0.17449966081921628,34.928438950723475,-0.12729183408771882,0.24845515874466556
40,0.5,0.252250515804358,0.3454306921566209,0.2523352432688591,26.975071546339123,-0.12729183408771882,0.43604627438822463
40,0.75,0.37022619545294644,0.42281223918285543,0.3703695290199856,12.437209441131358,-0.12729183408771882,0.6699907579385698
40,1.0,0.5001937862090899,0.5001937862090899,0.5001937862090899,0.0,-0.12729183408771882,0.9152107485229586
41,0.0,0.20555023451743565,0.20555023451743565,0.20555023451743565,0.0,0.16651934567250548,0.3508410148554034
41,0.25,0.24267413598019316,0.3120579785348141,0.24297248743391517,22.23427930937528,0.16651934567250548,0.38901211283737935
41,0.5,0.35007884688263335,0.4185657225521925,0.35050912994174277,16.36227526037306,0.16651934567250548,0.5708296318434509
41,0.75,0.4851955455436121,0.5250734665695709,0.48541918413260954,7.5947317023064675,0.16651934567250548,0.8017247144478041
41,1.0,0.6315812105869493,0.6315812105869493,0.6315812105869493,0.0,0.16651934567250548,1.051176082663175
42,0.0,0.16083526754659552,0.16083526754659552,0.16083526754659552,0.0,0.11276911975713888,0.19417157408518249
42,0.25,0.1396598022017818,0.17987460153480903,0.13984681647246,22.357130461937345,0.11276911975713888,0.2100584964152853
42,0.5,0.14911043055768763,0.1989139355230225,0.14930219470129502,25.03771534879242,0.11276911975713888,0.37505229804580165
42,0.75,0.18562065246462983,0.217953269511236,0.1857151530607382,14.834655666837493,0.11276911975713888,0.5693943647713089
42,1.0,0.2369926034994495,0.2369926034994495,0.2369926034994495,0.0,0.11276911975713888,0.7720261724828167
43,0.0,0.14495734504104485,0.14495734504104485,0.14495734504104485,0.0,0.6518577352080606,0.16866945865478103
43,0.25,0.17988849770022325,0.1952122061647762,0.17981446479968383,7.849769625378034,0.6518577352080606,0.12787275897837963
43,0.5,0.23045302132377676,0.24546706728850753,0.23040784834609457,6.116521507581362,0.6518577352080606,0.301637075564318
43,0.75,0.2866683695235165,0.2957219284122389,0.28667978637099234,3.061510838013215,0.6518577352080606,0.5036642232029949
43,1.0,0.3459767895359702,0.3459767895359702,0.3459767895359702,0.0,0.6518577352080606,0.7107017813172243
44,0.0,0.21459925112898,0.21459925112898,0.21459925112898,0.0,0.2641576522052192,0.2304360515948231
44,0.25,0.1888284150920324,0.22247144472301247,0.18898179065551418,15.122403539414798,0.2641576522052192,0.2196165584504086
44,0.5,0.1853769442330392,0.23034363831704496,0.18549398087866026,19.521569778329894,0.2641576522052192,0.39119366264088695
44,0.75,0.20526760136747463,0.23821583191107742,0.20547456618188015,13.831251382108768,0.2641576522052192,0.6014311828573993
44,1.0,0.2460880255051099,0.2460880255051099,0.2460880255051099,0.0,0.2641576522052192,0.821352993018373
45,0.0,0.23943705472638332,0.23943705472638332,0.23943705472638332,0.0,-0.15437079956311606,0.2917029881188512
45,0.25,0.1930682127907481,0.2573937093518073,0.19325399828514445,24.9910911665439,-0.15437079956311606,0.2367862553813712
45,0.5,0.18813372326313132,0.2753503639772312,0.1882414834492625,31.67478678957253,-0.15437079956311606,0.38135544957968226
45,0.75,0.2316321533972025,0.2933070186026552,0.23179281946518934,21.027408583428407,-0.15437079956311606,0.5894401667022281
45,1.0,0.31126367322807913,0.31126367322807913,0.31126367322807913,0.0,-0.15437079956311606,0.8128261808602957
46,0.0,0.2715445212852613,0.2715445212852613,0.2715445212852613,0.0,-0.719427655255856,0.3798696419878144
46,0.25,0.14816685028827914,0.2971259086111472,0.14823838916000837,50.13331184047394,-0.719427655255856,0.16783712030197206
46,0.5,0.12298550734853442,0.322707295937033,0.12296320376255268,61.88945558499815,-0.719427655255856,0.2949755192637925
46,0.75,0.2339336889067417,0.34828868326291884,0.23391226445527277,32.83339363336476,-0.719427655255856,0.5900646316392799
46,1.0,0.3738700705888047,0.3738700705888047,0.3738700705888047,0.0,-0.719427655255856,0.900104411349409
47,0.0,0.06566840732050137,0.06566840732050137,0.06566840732050137,0.0,0.022727848049247767,0.1333442066890959
47,0.25,0.08575227570014651,0.11854255231060852,0.08575950380743563,27.661186613009647,0.022727848049247767,0.15871833222309195
47,0.5,0.1425143002040157,0.17141669730071568,0.14264398862417754,16.860899522522367,0.022727848049247767,0.3217190670864711
47,0.75,0.20855020800493324,0.22429084229082283,0.20861826789620191,7.017956740953235,0.022727848049247767,0.5012484968158006
47,1.0,0.27716498728093,0.27716498728093,0.27716498728093,0.0,0.022727848049247767,0.6848273970637277
48,0.0,0.18260520242857933,0.18260520242857933,0.18260520242857933,0.0,0.3362385477852004,0.2619813994461229
48,0.25,0.20052882926845794,0.23654366761459733,0.20052226388557381,15.225450213623425,0.3362385477852004,0.26628871496336215
48,0.5,0.2488774795540287,0.29048213280061536,0.2487934152120717,14.322620412300457,0.3362385477852004,0.4609182082755526
48,0.75,0.3178274122943136,0.3444205979866334,0.31763366181011365,7.721136844827104,0.3362385477852004,0.7059219888499593
48,1.0,0.3983590631726514,0.3983590631726514,0.3983590631726514,0.0,0.3362385477852004,0.9598088769650353
49,0.0,0.19293453935321297,0.19293453935321297,0.19293453935321297,0.0,-0.32554664394474875,0.2177211652254486
49,0.25,0.14289417369572954,0.2375400477576582,0.14317810072077275,39.84417573178555,-0.32554664394474875,0.25852859067472744
49,0.5,0.1774974136913378,0.28214555616210335,0.1779213841662426,37.090126066221366,-0.32554664394474875,0.43374724527561836
49,0.75,0.26588203692755275,0.32675106456654857,0.26617976113997016,18.628562915239954,-0.32554664394474875,0.6407375839666745
49,1.0,0.3713565729709938,0.3713565729709938,0.3713565729709938,0.0,-0.32554664394474875,0.8569247356729799
50,0.0,0.15451065892294402,0.15451065892294402,0.15451065892294402,0.0,-0.3717975883107705,0.13467273818792164
50,0.25,0.1079935540487775,0.17040304422567387,0.10791787312922813,36.62463335704504,-0.3717975883107705,0.14017490070513733
50,0.5,0.10630258523066351,0.1862954295284037,0.10646092372941443,42.93870466937248,-0.3717975883107705,0.30934169103561593
50,0.75,0.15263216728578544,0.20218781483113354,0.15273700605670648,24.509710234880767,-0.3717975883107705,0.49513851435581846
50,1.0,0.21808020013386337,0.21808020013386337,0.21808020013386337,0.0,-0.3717975883107705,0.6847739370381317
51,0.0,0.15261708271735805,0.15261708271735805,0.15261708271735805,0.0,-0.3154206102582533,0.2007443655962588
51,0.25,0.12501190905775253,0.22539027118286248,0.12521241521088125,44.535357093417524,-0.3154206102582533,0.20440155442173175
51,0.5,0.20537731651831398,0.29816345964836694,0.2056346101651506,31.11922005448905,-0.3154206102582533,0.41135021992731313
51,0.75,0.32074643429695254,0.3709366481138714,0.3209211932954794,13.530670013902558,-0.3154206102582533,0.6448586424442675
51,1.0,0.4437098365793758,0.4437098365793758,0.4437098365793758,0.0,-0.3154206102582533,0.8855774809375676
52,0.0,0.21364593253446443,0.21364593253446443,0.21364593253446443,0.0,0.0967011669920211,0.24286861968962759
52,0.25,0.1709427290062605,0.20893880504373677,0.17096011194335786,18.185265312263375,0.0967011669920211,0.19844483937440674
52,0.5,0.14941356862341132,0.2042316775530091,0.14951588274786473,26.841139232854584,0.0967011669920211,0.3005693328770003
52,0.75,0.15873602411305793,0.19952455006228145,0.15890558654957077,20.442860758985006,0.0967011669920211,0.4571611642527221
52,1.0,0.1948174225715538,0.1948174225715538,0.1948174225715538,0.0,0.0967011669920211,0.6295787931774848
53,0.0,0.1336850715069823,0.1336850715069823,0.1336850715069823,0.0,0.016991289748392563,0.1989476859743633
53,0.25,0.11587763257938308,0.15707450080021879,0.11609809306321665,26.227597739262286,0.016991289748392563,0.1700426138878502
53,0.5,0.13152874423862285,0.18046393009345527,0.13181756524452012,27.11632503486474,0.016991289748392563,0.30678183521955465
53,0.75,0.17325655171253174,0.20385335938669175,0.1734086982730404,15.009224163002665,0.016991289748392563,0.48211426898482285
53,1.0,0.22724278867992823,0.22724278867992823,0.22724278867992823,0.0,0.016991289748392563,0.667048385067005
54,0.0,0.13831476632936196,0.13831476632936196,0.13831476632936196,0.0,0.10746650209143838,0.2210847711337532
54,0.25,0.12612232652076358,0.1687654892471081,0.12632116685607497,25.26770308111156,0.10746650209143838,0.17802393864990174
54,0.5,0.14878823636489175,0.19921621216485422,0.14885661235424888,25.313188747024572,0.10746650209143838,0.32117238142527305
54,0.75,0.19851929278161876,0.22966693508260033,0.19860050695630505,13.56209255362738,0.10746650209143838,0.5090636154643698
54,1.0,0.2601176580003465,0.2601176580003465,0.2601176580003465,0.0,0.10746650209143838,0.7078305237138951
55,0.0,0.10947577991307832,0.10947577991307832,0.10947577991307832,0.0,0.27847411825273205,0.21084542094475822
55,0.25,0.16844536344918182,0.20904252493557385,0.1686338913213659,19.420527712676606,0.27847411825273205,0.2885167740473683
55,0.5,0.2727637520371008,0.3086092699580694,0.27301292862765075,11.615178612696543,0.27847411825273205,0.49451891200457404
55,0.75,0.38832867801173715,0.408176014980565,0.38861660850892854,4.862445670594551,0.27847411825273205,0.7269770943267789
55,1.0,0.5077427600030605,0.5077427600030605,0.5077427600030605,0.0,0.27847411825273205,0.9668950709245483
56,0.0,0.1589495793374685,0.1589495793374685,0.1589495793374685,0.0,-0.395588945024371,0.26273401370797006
56,0.25,0.11911316506404583,0.21807213070272052,0.11924888222231711,45.37900616634831,-0.395588945024371,0.20765621909471765
56,0.5,0.17659117528205298,0.2771946820679726,0.1770307831156036,36.29344763592904,-0.395588945024371,0.36902895859126716
56,0.75,0.28101100461448314,0.3363172334332246,0.2812952553984229,16.444660969097335,-0.395588945024371,0.58270590575124
56,1.0,0.39543978479847663,0.39543978479847663,0.39543978479847663,0.0,-0.395588945024371,0.8081877789130517
57,0.0,0.18421896165490123,0.18421896165490123,0.18421896165490123,0.0,0.6841415845563688,0.19066207417440706
57,0.25,0.18335464731586665,0.1971903102511091,0.1834077757407775,7.016401017688767,0.6841415845563688,0.16914665752500685
57,0.5,0.19234506787700223,0.21016165884731702,0.19256405935290877,8.47756487459903,0.6841415845563688,0.34445890400274704
57,0.75,0.21059531690381075,0.22313300744352493,0.21077733279760358,5.618931364463176,0.6841415845563688,0.5526788014419122
57,1.0,0.23610435603973282,0.23610435603973282,0.23610435603973282,0.0,0.6841415845563688,0.7685153147876022
58,0.0,0.20357764134042008,0.20357764134042008,0.20357764134042008,0.0,0.10660816181253704,0.3312511559755845
58,0.25,0.18625245906764873,0.24406669717892723,0.18651720988627207,23.687884819818095,0.10660816181253704,0.300322514135416
58,0.5,0.21793732877489447,0.2845557530174344,0.21819056704279371,23.41137845083677,0.10660816181253704,0.4766758400740551
58,0.75,0.28408235685279115,0.32504480885594156,0.28424961237404894,12.602093892016219,0.10660816181253704,0.7187854916192636
58,1.0,0.3655338646944487,0.3655338646944487,0.3655338646944487,0.0,0.10660816181253704,0.9784003877903664
59,0.0,0.1152327363115005,0.1152327363115005,0.1152327363115005,0.0,-0.36194938315254804,0.21074019259925716
59,0.25,0.08517641537164192,0.16928999331639102,0.08543572299369658,49.68608970735014,-0.36194938315254804,0.16542254100035025
59,0.5,0.14571912495507863,0.22334725032128155,0.1459965162394176,34.756696245212815,-0.36194938315254804,0.3548802813583096
59,0.75,0.23596689758871836,0.27740450732617206,0.23610088278068403,14.937612274890466,-0.36194938315254804,0.574483071598955
59,1.0,0.3314617643310626,0.3314617643310626,0.3314617643310626,0.0,-0.36194938315254804,0.8010661955543075
60,0.0,0.11724714190427085,0.11724714190427085,0.11724714190427085,0.0,0.8134177783349956,0.19815936509062188
60,0.25,0.1329667755762888,0.13897032469134857,0.13303369463161996,4.320022370526644,0.8134177783349956,0.1535683834268176
60,0.5,0.15343284039912852,0.16069350747842626,0.1535297656870353,4.5183325656592,0.8134177783349956,0.2687421129620407
60,0.75,0.17745084922329576,0.182416690265504,0.1775251842962122,2.7222514754436933,0.8134177783349956,0.430566942040282
60,1.0,0.2041398730525817,0.2041398730525817,0.2041398730525817,0.0,0.8134177783349956,0.601907512624192
61,0.0,0.15119021047714948,0.15119021047714948,0.15119021047714948,0.0,0.38354414691031996,0.3242465286180934
61,0.25,0.1657636670720414,0.19903724235191977,0.1659225824781188,16.71726099432539,0.38354414691031996,0.3130223827848996
61,0.5,0.2119754859880545,0.24688427422669004,0.21217963338970003,14.139737473348413,0.38354414691031996,0.48622667211575843
61,0.75,0.2738924239224315,0.2947313061014603,0.274027994279496,7.070467828706017,0.38354414691031996,0.7170763064530414
61,1.0,0.3425783379762306,0.3425783379762306,0.3425783379762306,0.0,0.38354414691031996,0.9659287688839847
62,0.0,0.10761936759600671,0.10761936759600671,0.10761936759600671,0.0,0.5488562195732056,0.1662055452775907
62,0.25,0.10748946063698506,0.12188269644860937,0.10734550831604694,11.80908876404214,0.5488562195732056,0.17113341986218925
62,0.5,0.11859910329486215,0.13614602530121203,0.11856257482487204,12.888310156340399,0.5488562195732056,0.3387562137709237
62,0.75,0.13896658579679003,0.15040935415381468,0.1388994904426093,7.607750476292063,0.5488562195732056,0.5323218225002107
62,1.0,0.16467268300641735,0.16467268300641735,0.16467268300641735,0.0,0.5488562195732056,0.7323887894738061
63,0.0,0.18796171830984745,0.18796171830984745,0.18796171830984745,0.0,-0.5877218258945565,0.22495864062022397
63,0.25,0.11594935115362151,0.2269304349750916,0.11581277171747296,48.90533252344562,-0.5877218258945565,0.13858555595041555
63,0.5,0.1419945954951421,0.26589915164033573,0.1418884197420155,46.59832699007298,-0.5877218258945565,0.342715021479007
63,0.75,0.23411828204683638,0.3048678683055799,0.23403259873271703,23.206639207982615,-0.5877218258945565,0.5803249408933104
63,1.0,0.34383658497082403,0.34383658497082403,0.34383658497082403,0.0,-0.5877218258945565,0.8237692572882163
64,0.0,0.1980219818008942,0.1980219818008942,0.1980219818008942,0.0,-0.016447903539433685,0.30738831347323126
64,0.25,0.16935958905015705,0.23087084609304256,0.1695717349340548,26.64314619356315,-0.016447903539433685,0.2842411354812264
64,0.5,0.19084761807470985,0.26371971038519093,0.19124699665758765,27.632402676327672,-0.016447903539433685,0.46026965104882045
64,0.75,0.25099586268423246,0.29656857467733927,0.2513092386262644,15.36666925775565,-0.016447903539433685,0.6931968599107645
64,1.0,0.3294174389694876,0.3294174389694876,0.3294174389694876,0.0,-0.016447903539433685,0.9419852058556846
65,0.0,0.1168092528371561,0.1168092528371561,0.1168092528371561,0.0,-0.6854172536981065,0.17071928948973064
65,0.25,0.08453332272650646,0.2060369933436974,0.08454320271955724,58.97177426507408,-0.6854172536981065,0.16191246844790413
65,0.5,0.20052072266811696,0.29526473385023866,0.20056076282521149,32.08781825945284,-0.6854172536981065,0.3819167703411668
65,0.75,0.3356613477256395,0.38449247435677997,0.33562972103710753,12.700151469240172,-0.6854172536981065,0.6221041546938968
65,1.0,0.4737202148633213,0.4737202148633213,0.4737202148633213,0.0,-0.6854172536981065,0.8659702716119582
66,0.0,0.2176441532497498,0.2176441532497498,0.2176441532497498,0.0,-0.23993923778367549,0.2919153826244758
66,0.25,0.1628727403263176,0.24371604675564304,0.1629949577330076,33.17110527005279,-0.23993923778367549,0.23231176655732935
66,0.5,0.16941748572679471,0.2697879402615363,0.16960640549337086,37.2034622590769,-0.23993923778367549,0.36338481439925485
66,0.75,0.23344419756153986,0.2958598337674295,0.2336720088878616,21.09635343571292,-0.23993923778367549,0.559787804966339
66,1.0,0.32193172727332275,0.32193172727332275,0.32193172727332275,0.0,-0.23993923778367549,0.7736608164009213
67,0.0,0.14003891986830946,0.14003891986830946,0.14003891986830946,0.0,0.49479251575777805,0.19367619981456713
67,0.25,0.13144285951888857,0.14740006137242082,0.13126962651122848,10.825776939953101,0.49479251575777805,0.15238303284108823
67,0.5,0.1341833927211644,0.15476120287653217,0.13402516246631924,13.296491480351612,0.49479251575777805,0.2800296706489921
67,0.75,0.14782090911414356,0.1621223443806435,0.14768965472677725,8.8213844434188,0.49479251575777805,0.4519414830102276
67,1.0,0.16948348588475487,0.16948348588475487,0.16948348588475487,0.0,0.49479251575777805,0.6340247718910241
68,0.0,0.09797622405648865,0.09797622405648865,0.09797622405648865,0.0,-0.05866854872447827,0.18860691035124255
68,0.25,0.08749214826553764,0.13111139353662177,0.0874809076254045,33.26884422054479,-0.05866854872447827,0.13801019880321086
68,0.5,0.11715950671815406,0.1642465630167549,0.11729408622831022,28.668518496668604,-0.05866854872447827,0.29581032220333864
68,0.75,0.17033055219672452,0.197381732496888,0.1704261025142074,13.705007022668614,-0.05866854872447827,0.4856576136417441
68,1.0,0.23051690197702113,0.23051690197702113,0.23051690197702113,0.0,-0.05866854872447827,0.6823772443306466
69,0.0,0.1819812307804582,0.1819812307804582,0.1819812307804582,0.0,0.07614108637535938,0.2942272385328542
69,0.25,0.15265117179946905,0.1931475374515269,0.15297445220794614,20.966545153194605,0.07614108637535938,0.21566766636565243
69,0.5,0.1510807340035058,0.20431384412259565,0.15134773214293995,26.054578116178984,0.07614108637535938,0.31164500241750237
69,0.75,0.17928924011860958,0.2154801507936644,0.17940719194332683,16.7954730594698,0.07614108637535938,0.49054541708875155
69,1.0,0.2266464574647331,0.2266464574647331,0.2266464574647331,0.0,0.07614108637535938,0.6908202712236455
70,0.0,0.18781363315662747,0.18781363315662747,0.18781363315662747,0.0,0.7793802323722864,0.31960873202940526
70,0.25,0.18968029583556528,0.19926063972461455,0.1896470409375053,4.807945965791161,0.7793802323722864,0.27529322771955766
70,0.5,0.19828291382797517,0.21070764629260164,0.1983790385530084,5.8966690024019,0.7793802323722864,0.3694041558022696
70,0.75,0.21329964410707392,0.22215465286058872,0.21336935337123003,3.985965920358958,0.7793802323722864,0.5318130375237339
70,1.0,0.2336016594285758,0.2336016594285758,0.2336016594285758,0.0,0.7793802323722864,0.7173853949863388
71,0.0,0.14872221745951286,0.14872221745951286,0.14872221745951286,0.0,0.7785096434241262,0.1493070865699445
71,0.25,0.15827282474297721,0.16787355685134048,0.15835997157336792,5.7190258480465435,0.7785096434241262,0.17700832779754988
71,0.5,0.1755405250680619,0.18702489624316807,0.17571888500707133,6.140557436895621,0.7785096434241262,0.3505104349700727
71,0.75,0.19840372552072716,0.20617623563499565,0.198654822039167,3.7698380176212742,0.7785096434241262,0.5447564710460906
71,1.0,0.22532757502682327,0.22532757502682327,0.22532757502682327,0.0,0.7785096434241262,0.7424851396747381
72,0.0,0.12694135837036896,0.12694135837036896,0.12694135837036896,0.0,-0.1781913247214158,0.23082734604671912
72,0.25,0.10270528702613235,0.15756602422050248,0.1027249519337892,34.817618497244304,-0.1781913247214158,0.17638886837487305
72,0.5,0.1276198225609095,0.18819069007063602,0.12765181287193011,32.1859001032366,-0.1781913247214158,0.3827167922813709
72,0.75,0.18317791391052274,0.21881535592076956,0.18313247445705577,16.286536134671792,-0.1781913247214158,0.6316141509385116
72,1.0,0.24944002177090308,0.24944002177090308,0.24944002177090308,0.0,-0.1781913247214158,0.8881277224233328
73,0.0,0.2118108407089056,0.2118108407089056,0.2118108407089056,0.0,0.01488958754116923,0.35476570158997944
73,0.25,0.1795049215194109,0.24538936835371694,0.18010661947051576,26.848941042684782,0.01488958754116923,0.3038313821231833
73,0.5,0.20204833643555065,0.2789678959985283,0.20257468048219518,27.572907372604416,0.01488958754116923,0.43258670331168525
73,0.75,0.2648235155129784,0.3125464236433396,0.2650403166954453,15.269062296108672,0.01488958754116923,0.6404741958431518
73,1.0,0.34612495128815096,0.34612495128815096,0.34612495128815096,0.0,0.01488958754116923,0.8736630688599076
74,0.0,0.1274786479386178,0.1274786479386178,0.1274786479386178,0.0,-0.3235557264155633,0.17532027861819893
74,0.25,0.09874407638617047,0.16223569507996777,0.09881691763351735,39.13541878838783,-0.3235557264155633,0.14770160274516497
74,0.5,0.12963938555408402,0.19699274222131777,0.12989836369196053,34.19078079108289,-0.3235557264155633,0.30327932085352627
74,0.75,0.19257687259155223,0.23174978936266777,0.19271843753553647,16.903107821087772,-0.3235557264155633,0.4910264556630468
74,1.0,0.26650683650401774,0.26650683650401774,0.26650683650401774,0.0,-0.3235557264155633,0.6851998574527249
75,0.0,0.09909987279183277,0.09909987279183277,0.09909987279183277,0.0,0.014146294003433563,0.19284825502437003
75,0.25,0.09732055601405584,0.14200007466272302,0.09747058948168047,31.464433208777866,0.014146294003433563,0.17968856480641823
75,0.5,0.1418095355888172,0.1849002765336133,0.14199565245224338,23.304854785851315,0.014146294003433563,0.38306163498860213
75,0.75,0.20368013387256764,0.22780047840450354,0.20377605460632703,10.58836430058131,0.014146294003433563,0.6169377925401893
75,1.0,0.2707006802753938,0.2707006802753938,0.2707006802753938,0.0,0.014146294003433563,0.8575330733710922
76,0.0,0.18508012367126822,0.18508012367126822,0.18508012367126822,0.0,0.07538256921630296,0.28016979139104126
76,0.25,0.17493937488345884,0.2358192049938276,0.17501917345125279,25.816315559185377,0.07538256921630296,0.2709072081463871
76,0.5,0.222466234266476,0.286558286316387,0.22254533125413795,22.36614856746716,0.07538256921630296,0.3917573293691321
76,0.75,0.2990763709092259,0.3372973676389464,0.29912967112764066,11.33154314166882,0.07538256921630296,0.5666599932709435
76,1.0,0.3880364489615058,0.3880364489615058,0.3880364489615058,0.0,0.07538256921630296,0.760990388139482
77,0.0,0.10081209930950844,0.10081209930950844,0.10081209930950844,0.0,0.4710025572597627,0.1663377912595722
77,0.25,0.09973023082452093,0.11357529824123841,0.09983181810443864,12.190210046651174,0.4710025572597627,0.14434500263051714
77,0.5,0.11003305603212724,0.12633849717296836,0.11025158861636507,12.90615410639051,0.4710025572597627,0.2583988473451573
77,0.75,0.12848746605531272,0.1391016961046983,0.1285928557024505,7.630554009489954,0.4710025572597627,0.4075880407620127
77,1.0,0.15186489503642828,0.15186489503642828,0.15186489503642828,0.0,0.4710025572597627,0.5640914485493014
78,0.0,0.13115119492638017,0.13115119492638017,0.13115119492638017,0.0,0.07678855698234521,0.1929037284633378
78,0.25,0.11881010590338549,0.16051371051688212,0.1191014663809897,25.98133485245825,0.07678855698234521,0.1785626576510137
78,0.5,0.14255620795297058,0.18987622610738408,0.14274370419531413,24.921507618153193,0.07678855698234521,0.3090035107025157
78,0.75,0.1903537478329655,0.21923874169788604,0.1905522494001908,13.175132114525844,0.07678855698234521,0.474896538643086
78,1.0,0.248601257288388,0.248601257288388,0.248601257288388,0.0,0.07678855698234521,0.6497945071705531
79,0.0,0.14781235071850443,0.14781235071850443,0.14781235071850443,0.0,0.560065097256823,0.2511007919549554
79,0.25,0.16889215513540706,0.1897246070771931,0.16921920486190067,10.98036372968213,0.560065097256823,0.2766158127107935
79,0.5,0.20926152363274314,0.23163686343588175,0.20956942340350054,9.659662745922226,0.560065097256823,0.43537191279669246
79,0.75,0.2600007214542637,0.2735491197945704,0.2601245162279653,4.952821032829968,0.560065097256823,0.6288479313776328
79,1.0,0.3154613761532591,0.3154613761532591,0.3154613761532591,0.0,0.560065097256823,0.8343365173221
80,0.0,0.12288074424820006,0.12288074424820006,0.12288074424820006,0.0,0.654673085001156,0.1563354312400018
80,0.25,0.12262066309197495,0.1319586920122714,0.12252252321133486,7.076478841900058,0.654673085001156,0.1443088432926936
80,0.5,0.1291151501647824,0.1410366397763427,0.1291690973829108,8.452760665927329,0.654673085001156,0.26278806566053015
80,0.75,0.1418295636060156,0.150114587540414,0.14188601808413082,5.519133130328136,0.654673085001156,0.41241113364599746
80,1.0,0.15919253530448535,0.15919253530448535,0.15919253530448535,0.0,0.654673085001156,0.5691526369072395
81,0.0,0.1338476088224997,0.1338476088224997,0.1338476088224997,0.0,-0.4608226801102869,0.21489108134541635
81,0.25,0.10006554722812047,0.19144286976328795,0.10023338619720444,47.730857068822765,-0.4608226801102869,0.16920626720877463
81,0.5,0.15962273606676242,0.24903813070407618,0.15983102354488798,35.90429882545302,-0.4608226801102869,0.35837651655566616
81,0.75,0.2577273136975353,0.3066333916448645,0.2578658363788503,15.949364707145463,-0.4608226801102869,0.5881107824039449
81,1.0,0.3642286525856527,0.3642286525856527,0.3642286525856527,0.0,-0.4608226801102869,0.8248561685171891
82,0.0,0.20150955348307092,0.20150955348307092,0.20150955348307092,0.0,0.3040088996319072,0.36868457021272966
82,0.25,0.20183047135653748,0.25695579224829856,0.20203848949089204,21.45323147200863,0.3040088996319072,0.3994822001667823
82,0.5,0.2537405324437173,0.31240203101352626,0.2539528916587959,18.777566323590598,0.3040088996319072,0.5541378018986243
82,0.75,0.333241425334476,0.3678482697787539,0.3333071109708763,9.40791279651595,0.3040088996319072,0.7576628807482022
82,1.0,0.42329450854398154,0.42329450854398154,0.42329450854398154,0.0,0.3040088996319072,0.9803702621217714
83,0.0,0.1474763494089919,0.1474763494089919,0.1474763494089919,0.0,-0.3263815383785646,0.2399755772372995
83,0.25,0.1187916787051417,0.19947321555546838,0.1191222083223383,40.44730347663704,-0.3263815383785646,0.19880604146712713
83,0.5,0.16429404529948763,0.25147008170194485,0.1644736968140179,34.66656383632256,-0.3263815383785646,0.3835082894738494
83,0.75,0.2539804912761005,0.3034669478484214,0.2540436443802473,16.30703340946338,-0.3263815383785646,0.6214194300228548
83,1.0,0.35546381399489785,0.35546381399489785,0.35546381399489785,0.0,-0.3263815383785646,0.8688231012576101
84,0.0,0.15371969320656126,0.15371969320656126,0.15371969320656126,0.0,0.31766571260791737,0.25650965585165664
84,0.25,0.14880783567496186,0.18832401292139278,0.14892566844931326,20.98307944559632,0.31766571260791737,0.2996574025884299
84,0.5,0.18055010886675388,0.22292833263622433,0.18062250555057718,19.009797125528895,0.31766571260791737,0.4539011161114094
84,0.75,0.23216079568242798,0.2575326523510559,0.23224739103967112,9.851898948348591,0.31766571260791737,0.6443534042531214
84,1.0,0.2921369720658874,0.2921369720658874,0.2921369720658874,0.0,0.31766571260791737,0.8468815189544078
85,0.0,0.18955392818913952,0.18955392818913952,0.18955392818913952,0.0,-0.03711511106011492,0.20122345521232543
85,0.25,0.14565832791683997,0.18834766015882337,0.1456780233937341,22.66517789814102,-0.03711511106011492,0.16735639196475205
85,0.5,0.12628105324200062,0.1871413921285072,0.12632337695975215,32.521046356604366,-0.03711511106011492,0.28446163701527527
85,0.75,0.1427835316154034,0.18593512409819105,0.1429476125614731,23.207875699698143,-0.03711511106011492,0.4457087719270239
85,1.0,0.18472885606787487,0.18472885606787487,0.18472885606787487,0.0,-0.03711511106011492,0.617543444341935
86,0.0,0.10439571800493182,0.10439571800493182,0.10439571800493182,0.0,0.3161360032622264,0.20506644257405915
86,0.25,0.12138636789821206,0.15396743256910836,0.12140864521658223,21.161010563888095,0.3161360032622264,0.22293915070770948
86,0.5,0.17118701649369833,0.2035391471332849,0.17116830792887933,15.894795225019386,0.3161360032622264,0.3795189605246492
86,0.75,0.2345590873307441,0.25311086169746144,0.23451563383134122,7.329505435800665,0.3161360032622264,0.5701966656330214
86,1.0,0.30268257626163797,0.30268257626163797,0.30268257626163797,0.0,0.3161360032622264,0.770047054842963
87,0.0,0.07099692992926301,0.07099692992926301,0.07099692992926301,0.0,0.2554017969604625,0.19391973368053353
87,0.25,0.08790536707996821,0.11357304864201867,0.08808240936301767,22.60015194533941,0.2554017969604625,0.1806728939938652
87,0.5,0.13219603788343556,0.1561491673547743,0.13228406445629087,15.339902144285345,0.2554017969604625,0.36623900778880625
87,0.75,0.1852819562123562,0.19872528606752995,0.18533474310619974,6.764780728812481,0.2554017969604625,0.5855232779421646
87,1.0,0.2413014047802856,0.2413014047802856,0.2413014047802856,0.0,0.2554017969604625,0.8112856034073588
88,0.0,0.19220483993017634,0.19220483993017634,0.19220483993017634,0.0,0.17762059964315546,0.275130908365993
88,0.25,0.16527472875320126,0.20979478037851987,0.16541500367499806,21.220762282547646,0.17762059964315546,0.25210830967659825
88,0.5,0.16689875182616443,0.2273847208268634,0.16722523359826127,26.600718280783052,0.17762059964315546,0.3834827260902899
88,0.75,0.20429833501940553,0.24497466127520692,0.20456307272252572,16.60429941776925,0.17762059964315546,0.5702408599743352
88,1.0,0.26256460172355045,0.26256460172355045,0.26256460172355045,0.0,0.17762059964315546,0.771848671336143
89,0.0,0.18078643466163563,0.18078643466163563,0.18078643466163563,0.0,-0.17874796588655503,0.21331563312800023
89,0.25,0.13621410161374395,0.18582888349260882,0.13603700631876559,26.699176654547486,-0.17874796588655503,0.14768127016372296
89,0.5,0.12494474665178898,0.190871332323582,0.12499608006256258,34.53980483566198,-0.17874796588655503,0.2839342190422499
89,0.75,0.1509624554463963,0.1959137811545552,0.15101537278291793,22.944442929564545,-0.17874796588655503,0.46991750583957903
89,1.0,0.2009562299855284,0.2009562299855284,0.2009562299855284,0.0,-0.17874796588655503,0.6657026146375407
90,0.0,0.17909835800864718,0.17909835800864718,0.17909835800864718,0.0,0.13102369856641302,0.2709942826775451
90,0.25,0.17243673013673738,0.22781040861612617,0.17225466116495644,24.30691328625667,0.13102369856641302,0.2719433527508129
90,0.5,0.21496203024344596,0.2765224592236052,0.2147569491455263,22.262361311628375,0.13102369856641302,0.3942616513747951
90,0.75,0.2878179244128155,0.32523450983108415,0.28778377337940153,11.504494230240681,0.13102369856641302,0.5651155335500134
90,1.0,0.37394656043856317,0.37394656043856317,0.37394656043856317,0.0,0.13102369856641302,0.7509877787307415
91,0.0,0.14745089024948313,0.14745089024948313,0.14745089024948313,0.0,-0.05436593413812095,0.18393859831900183
91,0.25,0.11881635572195262,0.1642979180997226,0.11886233921775297,27.68237291367527,-0.05436593413812095,0.15776091869832026
91,0.5,0.12447828882756834,0.18114494594996206,0.12460257297979574,31.282494151422156,-0.05436593413812095,0.27793355621602067
91,0.75,0.16196122149951225,0.1979919738002015,0.16200160501025082,18.19808733107977,-0.05436593413812095,0.43425940417912823
91,1.0,0.21483900165044098,0.21483900165044098,0.21483900165044098,0.0,-0.05436593413812095,0.600052987586285
92,0.0,0.13484547460916982,0.13484547460916982,0.13484547460916982,0.0,-0.07538153750236806,0.2949545440599276
92,0.25,0.1410487362001553,0.21008881084125822,0.1413731592680219,32.862328252821214,-0.07538153750236806,0.2286826105189716
92,0.5,0.22189080998250027,0.28533214707334664,0.22218558258917276,22.234205904089144,-0.07538153750236806,0.39684491061088395
92,0.75,0.3256138435510873,0.36057548330543504,0.32574497092279475,9.696066807940063,-0.07538153750236806,0.6308025272041964
92,1.0,0.43581881953752344,0.43581881953752344,0.43581881953752344,0.0,-0.07538153750236806,0.8798777764833005
93,0.0,0.20682769207838736,0.20682769207838736,0.20682769207838736,0.0,0.6678988929143496,0.27532188709034755
93,0.25,0.216019098556053,0.23334677019521027,0.21596666846187046,7.425717366759144,0.6678988929143496,0.28320301191311037
93,0.5,0.23833280176120675,0.2598658483120332,0.23850001924040282,8.286216403846458,0.6678988929143496,0.41220389039327643
93,0.75,0.2718404977887313,0.2863849264288561,0.2719646280341074,5.078629249622157,0.6678988929143496,0.586354480644848
93,1.0,0.312904004545679,0.312904004545679,0.312904004545679,0.0,0.6678988929143496,0.7760381192735899
94,0.0,0.1478074333464646,0.1478074333464646,0.1478074333464646,0.0,0.25350145117352185,0.16196498789619224
94,0.25,0.1250389021012848,0.14612113053807751,0.12493063746388233,14.427912211710492,0.25350145117352185,0.12663564562951743
94,0.5,0.11581871769536217,0.14443482772969046,0.11583957462732669,19.81247216071964,0.25350145117352185,0.22659295329990142
94,0.75,0.12198604171191883,0.14274852492130338,0.1220930321404608,14.544797027381417,0.25350145117352185,0.36276091239561026
94,1.0,0.1410622221129163,0.1410622221129163,0.1410622221129163,0.0,0.25350145117352185,0.5067270750900279
95,0.0,0.07651365867831733,0.07651365867831733,0.07651365867831733,0.0,0.028685857090219535,0.17979818515643825
95,0.25,0.07745549830637907,0.1146393627589483,0.07754800737129271,32.43551216413824,0.028685857090219535,0.15594228949441194
95,0.5,0.11789615931639724,0.15276506683957927,0.11803529521672228,22.825183953736207,0.028685857090219535,0.30107961970242414
95,0.75,0.17164068992943465,0.19089077092021023,0.17176574606483114,10.084343469293156,0.028685857090219535,0.4767016127527499
95,1.0,0.2290164750008412,0.2290164750008412,0.2290164750008412,0.0,0.028685857090219535,0.6597857236236464
96,0.0,0.20239570485102842,0.20239570485102842,0.20239570485102842,0.0,0.7751089355208,0.2395606365253894
96,0.25,0.2135507070145049,0.223736145777268,0.2134876549612707,4.552433281345081,0.7751089355208,0.2644266166578731
96,0.5,0.23246169442750847,0.24507658670350757,0.23237153116576578,5.147326574798649,0.7751089355208,0.3912121480169459
96,0.75,0.2577790118069929,0.26641702762974717,0.25767988105865647,3.2422911927232123,0.7751089355208,0.5491376650608168
96,1.0,0.2877574685559867,0.2877574685559867,0.2877574685559867,0.0,0.7751089355208,0.7189999517206689
97,0.0,0.24865504167961672,0.24865504167961672,0.24865504167961672,0.0,0.5783465835417569,0.30439305719521725
97,0.25,0.2527209866931026,0.28054913149368244,0.2529380295971044,9.919169826838859,0.5783465835417569,0.3325685362227994
97,0.5,0.2778477747650904,0.31244322130774815,0.27802024054164326,11.072554686210378,0.5783465835417569,0.47562267053080753
97,0.75,0.3209895737666436,0.3443373111218139,0.32105202246867826,6.780484310313595,0.5783465835417569,0.6611653225752944
97,1.0,0.37623140093587965,0.37623140093587965,0.37623140093587965,0.0,0.5783465835417569,0.8628639345944837
98,0.0,0.14648527585743482,0.14648527585743482,0.14648527585743482,0.0,0.4357736505185311,0.1713218382863552
98,0.25,0.12870781181153218,0.14773976797830982,0.128778920562683,12.882080720183463,0.4357736505185311,0.11436390478773946
98,0.5,0.12223179252568166,0.14899426009918482,0.12237692334502101,17.962079583258785,0.4357736505185311,0.2494262930397799
98,0.75,0.13085855192371781,0.1502487522200598,0.13098182087726495,12.905398553954296,0.4357736505185311,0.4158813181620111
98,1.0,0.1515032443409348,0.1515032443409348,0.1515032443409348,0.0,0.4357736505185311,0.5893741084378059
99,0.0,0.09662930180181051,0.09662930180181051,0.09662930180181051,0.0,0.2473080337029555,0.16977050138733757
99,0.25,0.0992749652716321,0.14027079123185762,0.09938080642665151,29.226202832535787,0.2473080337029555,0.1542697743188856
99,0.5,0.14580894753440554,0.18391228066190474,0.14596082312077635,20.718210328513344,0.2473080337029555,0.34849213170300547
99,0.75,0.20677691558465788,0.22755377009195185,0.20685102744241662,9.13052528151842,0.2473080337029555,0.5656660485092997
99,1.0,0.27119525952199897,0.27119525952199897,0.27119525952199897,0.0,0.2473080337029555,0.7875037615315463
100,0.0,0.12792562495631435,0.12792562495631435,0.12792562495631435,0.0,0.11898525316391753,0.17328803063696419
100,0.25,0.12365593148355614,0.16179640516591542,0.1236896278602308,23.57312799579684,0.11898525316391753,0.1637681959942317
100,0.5,0.1560729335933667,0.19566718537551653,0.15622515915911522,20.235509447413047,0.11898525316391753,0.3272400519153822
100,0.75,0.20605957970470146,0.22953796558511758,0.20621902387985616,10.228541418221216,0.11898525316391753,0.5196203453566333
100,1.0,0.2634087457947187,0.2634087457947187,0.2634087457947187,0.0,0.11898525316391753,0.7183949173633801
101,0.0,0.20823103755270422,0.20823103755270422,0.20823103755270422,0.0,0.008100728633103071,0.26043323693653536
101,0.25,0.17521640985864873,0.23018239503516186,0.1753730659784285,23.879317602945584,0.008100728633103071,0.2659191009206933
101,0.5,0.18139050304799523,0.2521337525176195,0.1814075715686469,28.057825960719253,0.008100728633103071,0.38755295115430444
101,0.75,0.22825500802376686,0.2740851100000772,0.22831223223644465,16.721120668064536,0.008100728633103071,0.5486145173038286
101,1.0,0.2960364674825348,0.2960364674825348,0.2960364674825348,0.0,0.008100728633103071,0.7231705733117444
102,0.0,0.18747845948792818,0.18747845948792818,0.18747845948792818,0.0,0.7178560484918969,0.3072167372255497
102,0.25,0.17821852327463622,0.18803046910378513,0.17826341392740136,5.218274397716415,0.7178560484918969,0.2698964450303701
102,0.5,0.17572921448912282,0.1885824787196421,0.17555881009236582,6.815725574181098,0.7178560484918969,0.3597443112285339
102,0.75,0.17972798101711518,0.18913448833549906,0.17957357156376913,4.973448999792152,0.7178560484918969,0.5107472083301857
102,1.0,0.189686497951356,0.189686497951356,0.189686497951356,0.0,0.7178560484918969,0.6854418098791704
103,0.0,0.21029291484117657,0.21029291484117657,0.21029291484117657,0.0,0.8970810269242047,0.20609365325823784
103,0.25,0.2180026426660127,0.22265771204554427,0.21789299730852268,2.090684098370399,0.8970810269242047,0.18575443149587836
103,0.5,0.2291057707430977,0.23502250924991194,0.22901992789511552,2.5175199284944494,0.8970810269242047,0.28622888871501184
103,0.75,0.24319080675068533,0.24738730645427964,0.24313609349488757,1.6963278204291665,0.8970810269242047,0.4285318122871703
103,1.0,0.2597521036586473,0.2597521036586473,0.2597521036586473,0.0,0.8970810269242047,0.5825936008199106
104,0.0,0.10013241301792991,0.10013241301792991,0.10013241301792991,0.0,0.16695449349694946,0.13347450656998056
104,0.25,0.08705442383762943,0.11215748119909509,0.08702602613636708,22.381973180107572,0.16695449349694946,0.12909284930136694
104,0.5,0.09255382083432862,0.12418254938026027,0.09259564885216967,25.46954359028425,0.16695449349694946,0.25678168785651373
104,0.75,0.11591170570577755,0.13620761756142546,0.11594893027939143,14.90071716913709,0.16695449349694946,0.4065408415385358
104,1.0,0.14823268574259063,0.14823268574259063,0.14823268574259063,0.0,0.16695449349694946,0.5611068922467077
105,0.0,0.23511912501973634,0.23511912501973634,0.23511912501973634,0.0,0.27545542816323004,0.3458135286784384
105,0.25,0.21614813238300196,0.2616574490578817,0.21661818381850773,17.392708229304997,0.27545542816323004,0.34155529529095685
105,0.5,0.23288695734463977,0.28819577309602706,0.2333680151420457,19.191404217076546,0.27545542816323004,0.47529264055058895
105,0.75,0.278721586852898,0.31473409713417244,0.27901280794147687,11.442201721767109,0.27545542816323004,0.6673818547282462
105,1.0,0.3412724211723178,0.3412724211723178,0.3412724211723178,0.0,0.27545542816323004,0.8810785696630656
106,0.0,0.17055724448247206,0.17055724448247206,0.17055724448247206,0.0,-0.08243663317192106,0.2124584281916873
106,0.25,0.14129648841756481,0.19931516236977162,0.14140655884447226,29.109011709089117,-0.08243663317192106,0.1978395439824464
106,0.5,0.1579228499176958,0.2280730802570712,0.15807885143460626,30.75778617112812,-0.08243663317192106,0.3435457937347567
106,0.75,0.21326150516432124,0.25683099814437077,0.21330566994743722,16.964265721366733,-0.08243663317192106,0.5288740269784185
106,1.0,0.28558891603167036,0.28558891603167036,0.28558891603167036,0.0,-0.08243663317192106,0.7239742495408219
107,0.0,0.2090749031732293,0.2090749031732293,0.2090749031732293,0.0,-0.02374766354553348,0.2574917785694034
107,0.25,0.15165483272847569,0.24181021033220101,0.15178235446441435,37.28352805279358,-0.02374766354553348,0.26127901258912434
107,0.5,0.18916608437306726,0.27454551749117273,0.18952670100181723,31.0984618865069,-0.02374766354553348,0.42721943187051126
107,0.75,0.26069970324845304,0.3072808246501445,0.2609991942280677,15.15913707102503,-0.02374766354553348,0.6279097065420665
107,1.0,0.3400161318091162,0.3400161318091162,0.3400161318091162,0.0,-0.02374766354553348,0.8434484695594223
108,0.0,0.10599337503605041,0.10599337503605041,0.10599337503605041,0.0,0.20698014581307017,0.16355744771971195
108,0.25,0.10416776930358654,0.132571254652285,0.10398833650392983,21.425070935020308,0.20698014581307017,0.1466126504364384
108,0.5,0.12738058920291678,0.15914913426851962,0.12744453555921453,19.961494111555965,0.20698014581307017,0.3254853966387904
108,0.75,0.16624832854278926,0.1857270138847542,0.16627621128925638,10.48780408112936,0.20698014581307017,0.5290627397339007
108,1.0,0.2123048935009888,0.2123048935009888,0.2123048935009888,0.0,0.20698014581307017,0.7372127903487041
109,0.0,0.1332737942567973,0.1332737942567973,0.1332737942567973,0.0,-0.6390854211365037,0.21999633373534852
109,0.25,0.12344388798182539,0.26555022889922963,0.12389062682124008,53.51392145526277,-0.6390854211365037,0.2348828061593526
109,0.5,0.2917435046309512,0.397826663541662,0.292096593275715,26.665673428297332,-0.6390854211365037,0.46470393912569147
109,0.75,0.4756670434433632,0.5301030981840944,0.4758246037109197,10.268956157246723,-0.6390854211365037,0.7257788663416647
109,1.0,0.6623795328265267,0.6623795328265267,0.6623795328265267,0.0,-0.6390854211365037,0.9943783441616247
110,0.0,0.21075726257254798,0.21075726257254798,0.21075726257254798,0.0,0.309314385127645,0.32153466937212394
110,0.25,0.2009017412850776,0.2428594967065874,0.20096180640456035,17.27655537069708,0.309314385127645,0.3292501337507031
110,0.5,0.22504789282236923,0.27496173084062686,0.22519813203511613,18.15301273586638,0.309314385127645,0.47873952175532986
110,0.75,0.27501119984883327,0.3070639649746663,0.27508303667523426,10.438465200069146,0.309314385127645,0.6808187939028194
110,1.0,0.3391661991087057,0.3391661991087057,0.3391661991087057,0.0,0.309314385127645,0.9009944185437948
111,0.0,0.12350347116917323,0.12350347116917323,0.12350347116917323,0.0,-0.4974482426040284,0.19232506394371254
111,0.25,0.08821246292718868,0.17796654201166068,0.08820168197304373,50.433119658295745,-0.4974482426040284,0.15860492165926207
111,0.5,0.1482313177481101,0.23242961285414815,0.14839601699265959,36.22528733413728,-0.4974482426040284,0.3466887512458977
111,0.75,0.24137698436397115,0.28689268369663556,0.2414852570812293,15.865061020793881,-0.4974482426040284,0.5666252703659942
111,1.0,0.34135575453912304,0.34135575453912304,0.34135575453912304,0.0,-0.4974482426040284,0.792309680430527
112,0.0,0.21701524605271172,0.21701524605271172,0.21701524605271172,0.0,-0.22129726729865437,0.2625338165962292
112,0.25,0.15823615889893386,0.21893198721546894,0.1583088139917827,27.723599958373978,-0.22129726729865437,0.18220156193557574
112,0.5,0.13221714978865726,0.22084872837822617,0.13244490689691002,40.13225669915482,-0.22129726729865437,0.339283026015588
112,0.75,0.16130848087264582,0.22276546954098342,0.16153296877315265,27.588202424268005,-0.22129726729865437,0.5482227368720369
112,1.0,0.22468221070374064,0.22468221070374064,0.22468221070374064,0.0,-0.22129726729865437,0.7699378070769524
113,0.0,0.1578299360798153,0.1578299360798153,0.1578299360798153,0.0,0.677373111469777,0.1853406778323581
113,0.25,0.1516350797535625,0.16256238045160934,0.1517596975098481,6.721912331555469,0.677373111469777,0.17708421151009024
113,0.5,0.1529030558467386,0.1672948248234034,0.15298692253251542,8.602638480811809,0.677373111469777,0.27866987207116356
113,0.75,0.16148558223444134,0.17202726919519745,0.1616301441542835,6.127916236811604,0.677373111469777,0.4163945499873079
113,1.0,0.1767597135669915,0.1767597135669915,0.1767597135669915,0.0,0.677373111469777,0.5640428595811412
114,0.0,0.14808180167256046,0.14808180167256046,0.14808180167256046,0.0,0.26092766413238505,0.19855540890471143
114,0.25,0.1349976680579751,0.1683049697945683,0.1351680258691969,19.78985039909862,0.26092766413238505,0.15447334845849103
114,0.5,0.1488118653066582,0.18852813791657613,0.14911467894818475,21.06649598771958,0.26092766413238505,0.3379031486172318
114,0.75,0.18342932384533456,0.20875130603858397,0.18364546895338,12.130214978664178,0.26092766413238505,0.5586218473365749
114,1.0,0.2289744741605918,0.2289744741605918,0.2289744741605918,0.0,0.26092766413238505,0.7874005209939723
115,0.0,0.1838351827802827,0.1838351827802827,0.1838351827802827,0.0,0.3759971230854,0.20863607383264227
115,0.25,0.1612006448404206,0.18473191085589483,0.16139707688830418,12.738062366404268,0.3759971230854,0.19752809863865037
115,0.5,0.15369274938060412,0.1856286389315069,0.15396792448271301,17.20418235824401,0.3759971230854,0.3224555965109981
115,0.75,0.16373087567579886,0.18652536700711903,0.1639109054199048,12.220585166011322,0.3759971230854,0.4828220566548207
115,1.0,0.1874220950827311,0.1874220950827311,0.1874220950827311,0.0,0.3759971230854,0.6537842688925246
116,0.0,0.14978581167887622,0.14978581167887622,0.14978581167887622,0.0,0.12015466695044644,0.2957954293253997
116,0.25,0.1251651667357035,0.1680757147198167,0.12529411707468235,25.530486695026323,0.12015466695044644,0.18610080363370818
116,0.5,0.1303214702069457,0.18636561776075714,0.13025056745378438,30.072149695421235,0.12015466695044644,0.31496763314945586
116,0.75,0.1684011150535606,0.20465552080169758,0.16843524470966703,17.714843756043088,0.12015466695044644,0.5334563700181563
116,1.0,0.22294542384263805,0.22294542384263805,0.22294542384263805,0.0,0.12015466695044644,0.7672987179773351
117,0.0,0.12064266047796388,0.12064266047796388,0.12064266047796388,0.0,0.40651074859970565,0.13662724485887406
117,0.25,0.11552315221792023,0.13606693505893205,0.11553179045528975,15.098291757739746,0.40651074859970565,0.14527395733246107
117,0.5,0.12547884782169116,0.15149120963990026,0.12563969217070944,17.170872079007992,0.40651074859970565,0.2832049101233075
117,0.75,0.14943576619861723,0.16691548422086844,0.14952895225911844,10.472196814959023,0.40651074859970565,0.44389551019606155
117,1.0,0.18233975880183662,0.18233975880183662,0.18233975880183662,0.0,0.40651074859970565,0.6101405630079555
118,0.0,0.14582729163735064,0.14582729163735064,0.14582729163735064,0.0,0.23237105156263924,0.162790086725272
118,0.25,0.12927766165718904,0.15768555060577616,0.12934283177803116,18.015530807644286,0.23237105156263924,0.14689029382097762
118,0.5,0.13280740510710792,0.1695438095742017,0.13298096998031966,21.667794630399584,0.23237105156263924,0.32051323426195405
118,0.75,0.15623554390697297,0.18140206854262725,0.15640790409624405,13.873339393448237,0.23237105156263924,0.5184971857857218
118,1.0,0.19326032751105277,0.19326032751105277,0.19326032751105277,0.0,0.23237105156263924,0.7217478386321561
119,0.0,0.15991063070367806,0.15991063070367806,0.15991063070367806,0.0,0.0825628993416948,0.23458643314264638
119,0.25,0.15486648452958518,0.20788264437098908,0.15521601740689622,25.502927385698836,0.0825628993416948,0.2339695207167249
119,0.5,0.19281243697431993,0.2558546580383001,0.19316374163869532,24.639856685565242,0.0825628993416948,0.38255854907172204
119,0.75,0.2655988432656558,0.30382667170561106,0.2658311827376706,12.582117371510959,0.0825628993416948,0.5743506577638453
119,1.0,0.3517986853729221,0.3517986853729221,0.3517986853729221,0.0,0.0825628993416948,0.7765933280342061
120,0.0,0.1309669308785428,0.1309669308785428,0.1309669308785428,0.0,0.9680873934490795,0.144958323915745
120,0.25,0.16992110274998426,0.1711995349148049,0.16980902549149246,0.7467497884599106,0.9680873934490795,0.15373286301469963
120,0.5,0.2098904037773565,0.21143213895106705,0.20988983244379747,0.729186764774381,0.9680873934490795,0.28998028319180336
120,0.75,0.25061591817931284,0.25166474298732916,0.250676827930876,0.4167547649172043,0.9680873934490795,0.4499628202690286
120,1.0,0.29189734702359127,0.29189734702359127,0.29189734702359127,0.0,0.9680873934490795,0.6158361096670991
121,0.0,0.16251354769862092,0.16251354769862092,0.16251354769862092,0.0,-0.004575969437540295,0.20687506972238723
121,0.25,0.1426046748160886,0.1948460087082263,0.14274457055768705,26.811600729459595,-0.004575969437540295,0.2105247115124863
121,0.5,0.1680287563919674,0.22717846971783168,0.16824694464024542,26.03667213681451,-0.004575969437540295,0.3626877297029736
121,0.75,0.22330235853353678,0.25951093072743703,0.22338847542325846,13.952619295227265,-0.004575969437540295,0.5519337514738668
121,1.0,0.29184339173704243,0.29184339173704243,0.29184339173704243,0.0,-0.004575969437540295,0.7513806417382565
122,0.0,0.2042840931555921,0.2042840931555921,0.2042840931555921,0.0,0.15722551310566352,0.3244067988557425
122,0.25,0.1699546843296626,0.2140954829172211,0.17006183336967134,20.617342311993248,0.15722551310566352,0.2562682765062144
122,0.5,0.16587767116369023,0.22390687267885007,0.16588575024470897,25.916668309860768,0.15722551310566352,0.3716004170396794
122,0.75,0.19458206279103707,0.23371826244047905,0.1946633615222672,16.745032776122404,0.15722551310566352,0.5682107087430697
122,1.0,0.24352965220210807,0.24352965220210807,0.24352965220210807,0.0,0.15722551310566352,0.7865443702497503
123,0.0,0.17416532665018564,0.17416532665018564,0.17416532665018564,0.0,0.7574285893282577,0.2146685932189989
123,0.25,0.18270363776167503,0.19260304698483266,0.18264905172313883,5.139798865143186,0.7574285893282577,0.15198164007538648
123,0.5,0.1986837536972632,0.2110407673194797,0.19866925943574426,5.8552732626820365,0.7574285893282577,0.27870467667383725
123,0.75,0.22077306621074524,0.22947848765412676,0.2207655626834984,3.793567550655319,0.7574285893282577,0.4495185833063532
123,1.0,0.24791620798877378,0.24791620798877378,0.24791620798877378,0.0,0.7574285893282577,0.6319645995205956
124,0.0,0.1907792419213778,0.1907792419213778,0.1907792419213778,0.0,0.5185253063641261,0.3277372049028584
124,0.25,0.17747746152337035,0.1973196315001078,0.17706027715283595,10.055851932161463,0.5185253063641261,0.24143222696481825
124,0.5,0.178207141430886,0.20386002107883788,0.178137732867652,12.583575490768373,0.5185253063641261,0.32571901858403407
124,0.75,0.1922598032495771,0.21040041065756793,0.1923064496426633,8.62194486754836,0.5185253063641261,0.4988463273072673
124,1.0,0.21694080023629794,0.21694080023629794,0.21694080023629794,0.0,0.5185253063641261,0.6994245120498328
125,0.0,0.15009611636717507,0.15009611636717507,0.15009611636717507,0.0,0.1575121479966149,0.19337851191453403
125,0.25,0.14102679086816733,0.1843801403464611,0.14102331026150985,23.513025533460542,0.1575121479966149,0.17682228939881478
125,0.5,0.16952324687425385,0.21866416432574717,0.16944266167761857,22.473237717309445,0.1575121479966149,0.303382823765035
125,0.75,0.22341912735507682,0.25294818830503324,0.2234162846952411,11.673956294301258,0.1575121479966149,0.461373541769322
125,1.0,0.2872322122843193,0.2872322122843193,0.2872322122843193,0.0,0.1575121479966149,0.6288986638208941
126,0.0,0.13812218840659785,0.13812218840659785,0.13812218840659785,0.0,0.01658306031913731,0.280373033387326
126,0.25,0.12195564045026983,0.18143600408591373,0.12231439422701315,32.78310935875699,0.01658306031913731,0.24320646454390782
126,0.5,0.16545592925730512,0.22474981976522962,0.1658176490755348,26.38217488666377,0.01658306031913731,0.4181170638970503
126,0.75,0.23523471542445631,0.2680636354445455,0.23548978499356576,12.246689098895146,0.01658306031913731,0.6419707407499158
126,1.0,0.3113774511238614,0.3113774511238614,0.3113774511238614,0.0,0.01658306031913731,0.8793904734077218
127,0.0,0.17133755491604546,0.17133755491604546,0.17133755491604546,0.0,0.3390170660828563,0.238577287605792
127,0.25,0.17407417219208865,0.22174805678953358,0.17434482319356467,21.49912170039594,0.3390170660828563,0.22543516475083947
127,0.5,0.22186186233524408,0.27215855866302163,0.22201341513890677,18.480659426938463,0.3390170660828563,0.39111657189799093
127,0.75,0.2931880225499322,0.32256906053650974,0.2931969226141681,9.108448881523179,0.3390170660828563,0.5975496687498061
127,1.0,0.37297956240999786,0.37297956240999786,0.37297956240999786,0.0,0.3390170660828563,0.8159853120676195
128,0.0,0.14388085103914505,0.14388085103914505,0.14388085103914505,0.0,0.6804807675217708,0.2150729326257972
128,0.25,0.15011635648781088,0.1624497152135687,0.1505045677203583,7.592108554664723,0.6804807675217708,0.20843793284196482
128,0.5,0.16677772989954998,0.18101857938799235,0.16704482596377304,7.867065102703497,0.6804807675217708,0.3151675496898149
128,0.75,0.19041308136754265,0.199587443562416,0.19057627754116618,4.596663012021751,0.6804807675217708,0.46415108857764864
128,1.0,0.21815630773683964,0.21815630773683964,0.21815630773683964,0.0,0.6804807675217708,0.6259516824262576
129,0.0,0.14775249317332395,0.14775249317332395,0.14775249317332395,0.0,0.47712581309254537,0.15395233964474048
129,0.25,0.13540359598543672,0.15343701250710756,0.13551784190305677,11.752976825481065,0.47712581309254537,0.13427714869413826
129,0.5,0.13421028499738547,0.1591215318408912,0.13439341507683122,15.655484556555798,0.47712581309254537,0.2949211891893476
129,0.75,0.1468241425382682,0.1648060511746748,0.14693797311713008,10.91095169639611,0.47712581309254537,0.4781847663319964
129,1.0,0.17049057050845845,0.17049057050845845,0.17049057050845845,0.0,0.47712581309254537,0.6666001910530104
130,0.0,0.1901279681650022,0.1901279681650022,0.1901279681650022,0.0,-0.0015327601706118313,0.27468248462100225
130,0.25,0.15387634662100907,0.20095967686680904,0.15412469485628177,23.429242612191103,-0.0015327601706118313,0.21889872579716352
130,0.5,0.15202477388927674,0.21179138556861593,0.1523086005455398,28.21956687184337,-0.0015327601706118313,0.3682539821026094
130,0.75,0.1822569019011696,0.2226230942704228,0.1824190064162929,18.132077672148384,-0.0015327601706118313,0.5823269366815735
130,1.0,0.23345480297222965,0.23345480297222965,0.23345480297222965,0.0,-0.0015327601706118313,0.8120837010270253
131,0.0,0.09271226687814113,0.09271226687814113,0.09271226687814113,0.0,0.4703064223236167,0.20792046840483433
131,0.25,0.10751575494075494,0.12648992682938293,0.10779383375933978,15.000539856601758,0.4703064223236167,0.2072779073585545
131,0.5,0.14126787711719332,0.16026758678062475,0.1415137796916882,11.854992044921941,0.4703064223236167,0.34750464394498115
131,0.75,0.1829656898876576,0.19404524673186654,0.18319134962938322,5.7097800800649186,0.4703064223236167,0.5239261965691429
131,1.0,0.22782290668310834,0.22782290668310834,0.22782290668310834,0.0,0.4703064223236167,0.7109851516513473
132,0.0,0.12469521826205746,0.12469521826205746,0.12469521826205746,0.0,0.05997890101301959,0.21515970136485202
132,0.25,0.14386456655221005,0.19841428735383065,0.1441148366187782,27.492839114122113,0.05997890101301959,0.23050834674717458
132,0.5,0.22409186828437883,0.2721333564456038,0.22430998257364648,17.653656570699706,0.05997890101301959,0.4048174388825677
132,0.75,0.31955267164537093,0.345852425537377,0.3196542611407621,7.6043283059652245,0.05997890101301959,0.611047791113734
132,1.0,0.41957149462915017,0.41957149462915017,0.41957149462915017,0.0,0.05997890101301959,0.8271730421774977
133,0.0,0.1810269017020479,0.1810269017020479,0.1810269017020479,0.0,0.23482380312272272,0.24957842678022402
133,0.25,0.17069381274633438,0.21210439860205638,0.17099191332964092,19.52368085181262,0.23482380312272272,0.2508073364578946
133,0.5,0.19446357667464303,0.24318189550206487,0.19471835332871432,20.03369483029964,0.23482380312272272,0.38646806552117097
133,0.75,0.24301511262360798,0.2742593924020733,0.24331033648851497,11.392236927536171,0.23482380312272272,0.5634729351742996
133,1.0,0.3053368893020818,0.3053368893020818,0.3053368893020818,0.0,0.23482380312272272,0.7526797921735873
134,0.0,0.13813862321414855,0.13813862321414855,0.13813862321414855,0.0,0.2193041335174225,0.17057379042829585
134,0.25,0.11780152262033614,0.14630126331986637,0.117815114017671,19.48017402776605,0.2193041335174225,0.12368475045786431
134,0.5,0.11867015922280225,0.1544639034255842,0.11875146541851878,23.172885968161637,0.2193041335174225,0.27705136383824414
134,0.75,0.13882911710149118,0.16262654353130201,0.13889119772005454,14.63317482685743,0.2193041335174225,0.4596727003509591
134,1.0,0.17078918363701984,0.17078918363701984,0.17078918363701984,0.0,0.2193041335174225,0.6486118960106115
135,0.0,0.12373096478414929,0.12373096478414929,0.12373096478414929,0.0,0.04284898280758012,0.21823745537637765
135,0.25,0.11561924573265134,0.16169806287512062,0.11582948251972168,28.496826939761142,0.04284898280758012,0.1642840969768073
135,0.5,0.14941831834703412,0.19966516096609196,0.1496650470566261,25.165553357398686,0.04284898280758012,0.36781118352147374
135,0.75,0.20792063529699933,0.23763225905706328,0.20806094373142703,12.503194590650768,0.04284898280758012,0.608335195159863
135,1.0,0.27559935714803463,0.27559935714803463,0.27559935714803463,0.0,0.04284898280758012,0.8566504926461831
136,0.0,0.24080799143618792,0.24080799143618792,0.24080799143618792,0.0,-0.40854955228184625,0.25921029369816656
136,0.25,0.17100663855694345,0.29711128264061976,0.1712820560802742,42.44357298144416,-0.40854955228184625,0.2246718474717621
136,0.5,0.21316791162818177,0.3534145738450516,0.21360865596503012,39.683327343019684,-0.40854955228184625,0.3922725625364468
136,0.75,0.32861200043721084,0.4097178650494835,0.32896710146735475,19.795540182871243,-0.40854955228184625,0.6142384892032386
136,1.0,0.46602115625391527,0.46602115625391527,0.46602115625391527,0.0,-0.40854955228184625,0.8489041648779533
137,0.0,0.22711583891469733,0.22711583891469733,0.22711583891469733,0.0,0.03126536197801469,0.36130172685160566
137,0.25,0.2077692940569655,0.2833167809975456,0.20810481966496092,26.665376711743228,0.03126536197801469,0.3461871753291918
137,0.5,0.2551703749499948,0.33951772308039385,0.2555134932035086,24.843282808664036,0.03126536197801469,0.5422667386147069
137,0.75,0.34590439730618583,0.39571866516324217,0.3460049790386529,12.588303823502212,0.03126536197801469,0.7950821781143604
137,1.0,0.4519196072460904,0.4519196072460904,0.4519196072460904,0.0,0.03126536197801469,1.0659431501227372
138,0.0,0.14611424597751826,0.14611424597751826,0.14611424597751826,0.0,0.0792251685758755,0.2362448160475691
138,0.25,0.1566001480089802,0.21702581840235752,0.1572010751498119,27.84261837517896,0.0792251685758755,0.26025440082969264
138,0.5,0.23059890020375612,0.28793739082719677,0.23109321948426398,19.913527193782166,0.0792251685758755,0.4101337593413753
138,0.75,0.32642933700356136,0.358848963252036,0.32672210167256033,9.034337442325246,0.0792251685758755,0.5991047699943552
138,1.0,0.4297605356768753,0.4297605356768753,0.4297605356768753,0.0,0.0792251685758755,0.8019189941597511
139,0.0,0.2085318536009515,0.2085318536009515,0.2085318536009515,0.0,0.11200497703889174,0.2875185540080405
139,0.25,0.18992499752727737,0.24719096700244783,0.19031867434875277,23.16669179687435,0.11200497703889174,0.2525464679148576
139,0.5,0.21747292028477366,0.28585008040394416,0.21778391679528242,23.920637007533628,0.11200497703889174,0.388520673233666
139,0.75,0.2816397789837899,0.3245091938054405,0.2817627451540717,13.210539374534013,0.11200497703889174,0.5818983483317188
139,1.0,0.3631683072069368,0.3631683072069368,0.3631683072069368,0.0,0.11200497703889174,0.7910237103946443
140,0.0,0.10805056183481415,0.10805056183481415,0.10805056183481415,0.0,0.4373877781071932,0.17335813915584775
140,0.25,0.11582147621548575,0.13846669874845546,0.11605426632490332,16.354273437332388,0.4373877781071932,0.17094636622890483
140,0.5,0.1451234274037997,0.1688828356620968,0.14531419259500009,14.068574917723009,0.4373877781071932,0.3119487442644913
140,0.75,0.18502230504399947,0.19929897257573814,0.18509027009422635,7.163442614493764,0.4373877781071932,0.4816098650492907
140,1.0,0.22971510948937945,0.22971510948937945,0.22971510948937945,0.0,0.4373877781071932,0.65740975902224
141,0.0,0.09082259927641403,0.09082259927641403,0.09082259927641403,0.0,0.4098713896555838,0.15648915320500942
141,0.25,0.08932685794223127,0.10677640285675127,0.08941530831167868,16.342135947330895,0.4098713896555838,0.15881086649513426
141,0.5,0.10504834847129121,0.12273020643708851,0.10513702392325802,14.407095432419903,0.4098713896555838,0.2754951743653832
141,0.75,0.12852964938969755,0.13868401001742575,0.12851519652003654,7.321940450418396,0.4098713896555838,0.4193485287483613
141,1.0,0.154637813597763,0.154637813597763,0.154637813597763,0.0,0.4098713896555838,0.5712765264898434
142,0.0,0.19596900462997358,0.19596900462997358,0.19596900462997358,0.0,-0.6794281033842733,0.1720393623551854
142,0.25,0.11448562649257621,0.22764505128753273,0.11447314892708438,49.7087128206568,-0.6794281033842733,0.15578520730741885
142,0.5,0.1240505192651441,0.2593210979450919,0.12402178892766862,52.163352597168824,-0.6794281033842733,0.3013473638107259
142,0.75,0.2119934566168835,0.290997144602651,0.21199581961043373,27.14930007084605,-0.6794281033842733,0.4759022332896653
142,1.0,0.3226731912602102,0.3226731912602102,0.3226731912602102,0.0,-0.6794281033842733,0.6568179272297006
143,0.0,0.277576300236564,0.277576300236564,0.277576300236564,0.0,0.26507034328909895,0.3287287204801589
143,0.25,0.22960854878251535,0.26704541228058903,0.22960977422804196,14.01891280526405,0.26507034328909895,0.26327086205950323
143,0.5,0.20326749033415584,0.2565145243246141,0.2033954818801101,20.75790216193574,0.26507034328909895,0.3505867703206799
143,0.75,0.20617574993269944,0.24598363636863912,0.20628472303802253,16.18314414064612,0.26507034328909895,0.5156662775414027
143,1.0,0.23545274841266417,0.23545274841266417,0.23545274841266417,0.0,0.26507034328909895,0.7065342847005771
144,0.0,0.20666322812481985,0.20666322812481985,0.20666322812481985,0.0,0.3503705712402253,0.2581093895055728
144,0.25,0.17463618300685857,0.20095098356348562,0.17464613917193733,13.095133992371588,0.3503705712402253,0.18973275398274342
144,0.5,0.15796033515985408,0.19523873900215136,0.15811049177314634,19.093753643781987,0.3503705712402253,0.30895762680240024
144,0.75,0.1618842395273315,0.18952649444081712,0.16198744643823376,14.584902757285679,0.3503705712402253,0.4915055845345252
144,1.0,0.18381424987948286,0.18381424987948286,0.18381424987948286,0.0,0.3503705712402253,0.6900887149115856
145,0.0,0.11215084015120347,0.11215084015120347,0.11215084015120347,0.0,0.6322017986911221,0.17372878532356084
145,0.25,0.12546180487131187,0.1399992365273963,0.12537107989478818,10.383936381852777,0.6322017986911221,0.17388874552106756
145,0.5,0.15109586058731445,0.16784763290358912,0.15114064154849652,9.98034468910074,0.6322017986911221,0.32953723454022765
145,0.75,0.1849624392575085,0.1956960292797819,0.18503473490011696,5.484827700273809,0.6322017986911221,0.5144038745641093
145,1.0,0.22354442565597474,0.22354442565597474,0.22354442565597474,0.0,0.6322017986911221,0.7059064277958822
146,0.0,0.08615090178446305,0.08615090178446305,0.08615090178446305,0.0,0.9215270372679292,0.1808247341812667
146,0.25,0.10409424558047917,0.10569504896957721,0.10417250963746377,1.5145490774679637,0.9215270372679292,0.1491366583474065
146,0.5,0.1233016613365687,0.12523919615469137,0.12332503616496981,1.547067433848337,0.9215270372679292,0.27166557061346747
146,0.75,0.1434091392698704,0.14478334333980553,0.14340696312003512,0.9491451421382635,0.9215270372679292,0.431941375122647
146,1.0,0.16432749052491968,0.16432749052491968,0.16432749052491968,0.0,0.9215270372679292,0.6014827132847329
147,0.0,0.0765131553383392,0.0765131553383392,0.0765131553383392,0.0,0.07875388539909682,0.2188805033156333
147,0.25,0.09983228610945871,0.13345686923899575,0.1002168938717969,25.195093606850495,0.07875388539909682,0.18358697863294327
147,0.5,0.15859423416196589,0.19040058313965227,0.15876292839299588,16.70496405694174,0.07875388539909682,0.3538374922755435
147,0.75,0.22945508310723536,0.24734429704030883,0.22950864357588516,7.2325152215489075,0.07875388539909682,0.5683916029820982
147,1.0,0.30428801094096536,0.30428801094096536,0.30428801094096536,0.0,0.07875388539909682,0.7913131704578735
148,0.0,0.1404337941575791,0.1404337941575791,0.1404337941575791,0.0,0.5147136325631076,0.20809866524614817
148,0.25,0.1381090472480525,0.15478029482718042,0.1381555329668901,10.770910856412408,0.5147136325631076,0.20211863686746123
148,0.5,0.1490053985450801,0.16912679549678172,0.14913504700927271,11.897225920114185,0.5147136325631076,0.3198627476699976
148,0.75,0.1698120707222079,0.18347329616638305,0.16982045007786004,7.445893069793907,0.5147136325631076,0.47636298231925395
148,1.0,0.19781979683598439,0.19781979683598439,0.19781979683598439,0.0,0.5147136325631076,0.6435501244984849
149,0.0,0.15215367898726384,0.15215367898726384,0.15215367898726384,0.0,0.38886609192775745,0.31716632737975414
149,0.25,0.17045243918772546,0.20398381476969651,0.1706155788469114,16.438253015235016,0.38886609192775745,0.3119097642262536
149,0.5,0.22129267563149066,0.2558139505521292,0.22148486206875095,13.494680351142097,0.38886609192775745,0.4958163124534323
149,0.75,0.28721986890391304,0.30764408633456186,0.2873710708844225,6.63891111121101,0.38886609192775745,0.7354990024850236
149,1.0,0.3594742221169946,0.3594742221169946,0.3594742221169946,0.0,0.38886609192775745,0.9927593875596494
150,0.0,0.08251414548028171,0.08251414548028171,0.08251414548028171,0.0,-0.1517674648244558,0.146374952086124
150,0.25,0.09551035127615677,0.1516883986315913,0.09575606907181888,37.035164101030105,-0.1517674648244558,0.2046114225945401
150,0.5,0.1746625144742874,0.22086265178290088,0.17488638897722353,20.91803975713664,-0.1517674648244558,0.42709151792031774
150,0.75,0.2656458457129661,0.2900369049342105,0.26570260479107105,8.409639879027486,-0.1517674648244558,0.6648036959126844
150,1.0,0.35921115808552007,0.35921115808552007,0.35921115808552007,0.0,-0.1517674648244558,0.906234090216702
151,0.0,0.15329844774669935,0.15329844774669935,0.15329844774669935,0.0,-0.01635327163407492,0.16797778362234245
151,0.25,0.1283098760864825,0.1747348366692097,0.12835666653049155,26.568806465658724,-0.01635327163407492,0.17660816356931436
151,0.5,0.13986525385544168,0.19617122559172,0.14010182944726987,28.70246213043739,-0.01635327163407492,0.3733498070453908
151,0.75,0.18215776977280648,0.2176076145142303,0.1823270172944012,16.29071887974104,-0.01635327163407492,0.5928202525017191
151,1.0,0.23904400343674065,0.23904400343674065,0.23904400343674065,0.0,-0.01635327163407492,0.8166115429555377
152,0.0,0.08453848131983258,0.08453848131983258,0.08453848131983258,0.0,-0.14277500257003176,0.20939950739414465
152,0.25,0.07586224785699534,0.12084027694298816,0.07601316917221092,37.22105760086368,-0.14277500257003176,0.12260697211108582
152,0.5,0.11373839236503583,0.1571420725661437,0.11386361555987264,27.620661667701086,-0.14277500257003176,0.2909010718124411
152,0.75,0.1694756639270747,0.1934438681892993,0.16954132747610517,12.390263122101096,-0.14277500257003176,0.49742603235624405
152,1.0,0.22974566381245487,0.22974566381245487,0.22974566381245487,0.0,-0.14277500257003176,0.71043454507725
153,0.0,0.16187792154115715,0.16187792154115715,0.16187792154115715,0.0,0.14728249911428443,0.2576321897074916
153,0.25,0.14770921238554396,0.19669340478874775,0.1480595474567204,24.903830637236513,0.14728249911428443,0.21098345135811106
153,0.5,0.17612079260777755,0.23150888803633837,0.17630306384494085,23.924824614019546,0.14728249911428443,0.3487294435285757
153,0.75,0.23272316723773784,0.266324371283929,0.2328330413464927,12.616646341527959,0.14728249911428443,0.5401126929167134
153,1.0,0.3011398545315196,0.3011398545315196,0.3011398545315196,0.0,0.14728249911428443,0.7449618820236679
154,0.0,0.21591042486669038,0.21591042486669038,0.21591042486669038,0.0,0.023350602619206726,0.24312452861248718
154,0.25,0.1764899595239166,0.23322941172154038,0.17650043482753147,24.32774313445798,0.023350602619206726,0.2805670483591576
154,0.5,0.17930267809779454,0.25054839857639033,0.1794251265746151,28.435911338253273,0.023350602619206726,0.42326858757164654
154,0.75,0.22094596352905743,0.26786738543124033,0.22115032104624494,17.516661024873926,0.023350602619206726,0.6016543476434839
154,1.0,0.28518637228609034,0.28518637228609034,0.28518637228609034,0.0,0.023350602619206726,0.7932959003760023
155,0.0,0.09182417164182519,0.09182417164182519,0.09182417164182519,0.0,0.1852048749968946,0.14700711972160208
155,0.25,0.08562518836386318,0.10880154002908798,0.08558385056255222,21.30149229416112,0.1852048749968946,0.14281654570758173
155,0.5,0.09820123280901463,0.1257789084163508,0.0982453265689954,21.925516729759742,0.1852048749968946,0.2827012898369153
155,0.75,0.12522723472588948,0.14275627680361364,0.12527445091305617,12.278999193736627,0.1852048749968946,0.4470928767054607
155,1.0,0.15973364519087643,0.15973364519087643,0.15973364519087643,0.0,0.1852048749968946,0.6169987556804426
156,0.0,0.16056434156999858,0.16056434156999858,0.16056434156999858,0.0,-0.5680463506587318,0.21913874434548186
156,0.25,0.10011842288366232,0.22220245958225743,0.10011370645540962,54.94270267220001,-0.5680463506587318,0.1568715124779319
156,0.5,0.1668701261738329,0.28384057759451625,0.16720059773769333,41.209911708882885,-0.5680463506587318,0.37809646937565167
156,0.75,0.282851351591417,0.34547869560677513,0.28305942860393696,18.12770072706329,-0.5680463506587318,0.6300285202202747
156,1.0,0.40711681361903396,0.40711681361903396,0.40711681361903396,0.0,-0.5680463506587318,0.8879375552296851
157,0.0,0.12812744769720294,0.12812744769720294,0.12812744769720294,0.0,0.16537547043638104,0.21505102281078667
157,0.25,0.1301362003682561,0.17504593041239125,0.13049675099482386,25.65596922952289,0.16537547043638104,0.2621778864746692
157,0.5,0.17344441087377674,0.22196441312757959,0.17393362568624016,21.859360953467245,0.16537547043638104,0.44818470499729157
157,0.75,0.2406062404439146,0.26888289584276787,0.24090088623969697,10.516345902265323,0.16537547043638104,0.6648240146981801
157,1.0,0.3158013785579562,0.3158013785579562,0.3158013785579562,0.0,0.16537547043638104,0.8900799479308396
158,0.0,0.13211558104581383,0.13211558104581383,0.13211558104581383,0.0,0.30425760919019296,0.33800343914235365
158,0.25,0.1768673704854667,0.21849904291838862,0.17706452034639963,19.05348045321724,0.30425760919019296,0.3734715374783527
158,0.5,0.2681306213086865,0.3048825047909634,0.26831271254045314,12.05444159791167,0.30425760919019296,0.565086220219087
158,0.75,0.37097246912277215,0.3912659666635382,0.3711031951623178,5.186624769288217,0.30425760919019296,0.8023546410716973
158,1.0,0.477649428536113,0.477649428536113,0.477649428536113,0.0,0.30425760919019296,1.0563100081879624
159,0.0,0.11372362162633473,0.11372362162633473,0.11372362162633473,0.0,0.16948330081620824,0.1648934218336907
159,0.25,0.10362795720485393,0.1348639860195392,0.10372685999420536,23.161134218708145,0.16948330081620824,0.1449790746566305
159,0.5,0.11910801198981213,0.1560043504127437,0.11927911509287048,23.65083943192238,0.16948330081620824,0.27047793918281376
159,0.75,0.15406715725659675,0.1771447148059482,0.154139941981281,13.027516838214215,0.16948330081620824,0.4251404260778349
159,1.0,0.19828507919915267,0.19828507919915267,0.19828507919915267,0.0,0.16948330081620824,0.5874834974205858
160,0.0,0.21887872780442638,0.21887872780442638,0.21887872780442638,0.0,0.13811441168241,0.2814462568629305
160,0.25,0.1999168226531426,0.25782717490177337,0.20003063712750282,22.46091874167003,0.13811441168241,0.3241741597398408
160,0.5,0.22953363351472894,0.29677562199912033,0.22964347803839127,22.657517498047973,0.13811441168241,0.4862478107745325
160,0.75,0.2934318901541411,0.33572406909646735,0.2935486891840192,12.597303212768441,0.13811441168241,0.6891054006916835
160,1.0,0.3746725161938143,0.3746725161938143,0.3746725161938143,0.0,0.13811441168241,0.9050720215019359
161,0.0,0.12160844576074609,0.12160844576074609,0.12160844576074609,0.0,0.08871501297795796,0.15095492374482963
161,0.25,0.10155379036813321,0.1331013330822131,0.10161132157366864,23.70189838338722,0.08871501297795796,0.1317124887905809
161,0.5,0.10383103328122614,0.14459422040368017,0.10400488943392652,28.19143601220767,0.08871501297795796,0.27053247833262495
161,0.75,0.12944953218042526,0.15608710772514722,0.12953708511998258,17.065839666673742,0.08871501297795796,0.43555526026610053
161,1.0,0.16757999504661425,0.16757999504661425,0.16757999504661425,0.0,0.08871501297795796,0.6062493191630092
162,0.0,0.1477360993466256,0.1477360993466256,0.1477360993466256,0.0,0.6567306992419919,0.22003850067881392
162,0.25,0.16753910813457268,0.18463034573898268,0.1675650226979059,9.25700352019726,0.6567306992419919,0.23329977152525408
162,0.5,0.20189914096773187,0.22152459213133974,0.20192967215991103,8.859265228653324,0.6567306992419919,0.35306909305591916
162,0.75,0.24586396236582508,0.25841883852369685,0.24586328610579394,4.8583440083531215,0.6567306992419919,0.507400795350489
162,1.0,0.2953130849160539,0.2953130849160539,0.2953130849160539,0.0,0.6567306992419919,0.6734933101512839
163,0.0,0.09257435354007197,0.09257435354007197,0.09257435354007197,0.0,0.3801859015742156,0.25896701883026385
163,0.25,0.10587702781393953,0.12756648571397122,0.10630889777036134,17.002473477762535,0.3801859015742156,0.2219453269914085
163,0.5,0.14055266644803027,0.16255861788787052,0.14083141450090575,13.53724073553546,0.3801859015742156,0.32686580032516926
163,0.75,0.18446484723166712,0.19755075006176978,0.18461304411109952,6.6240714479752665,0.3801859015742156,0.4911549300746485
163,1.0,0.23254288223566905,0.23254288223566905,0.23254288223566905,0.0,0.3801859015742156,0.6733429053707133
164,0.0,0.13064976276684415,0.13064976276684415,0.13064976276684415,0.0,-0.5338508067439869,0.21457805124701196
164,0.25,0.08584883903863597,0.1821834996986711,0.08592064857811701,52.877818693444404,-0.5338508067439869,0.16233601115044186
164,0.5,0.1417335632694532,0.23371723663049807,0.14216681053314179,39.35682052687842,-0.5338508067439869,0.33947854283890355
164,0.75,0.23581429075362265,0.28525097356232504,0.2359273577904868,17.33094271031502,-0.5338508067439869,0.5555060777549243
164,1.0,0.336784710494152,0.336784710494152,0.336784710494152,0.0,-0.5338508067439869,0.7795020003771493
165,0.0,0.2023059828214625,0.2023059828214625,0.2023059828214625,0.0,0.30791408327513436,0.239891095984141
165,0.25,0.18027290174861982,0.21086349030577894,0.18026542950561186,14.507294986343478,0.30791408327513436,0.21763085616219707
165,0.5,0.1799171677215819,0.21942099779009536,0.18001799753094425,18.00366895893163,0.30791408327513436,0.3306937004399223
165,0.75,0.19997794557853116,0.2279785052744118,0.2000228557222064,12.282105131875088,0.30791408327513436,0.4936296380714974
165,1.0,0.2365360127587282,0.2365360127587282,0.2365360127587282,0.0,0.30791408327513436,0.6705197217509777
166,0.0,0.14255351095458496,0.14255351095458496,0.14255351095458496,0.0,0.7259377566317372,0.22453840021269622
166,0.25,0.18216658068838376,0.19588380215636647,0.18228616973456274,7.002733925407867,0.7259377566317372,0.24498073757555777
166,0.5,0.2345314144200799,0.24921409335814795,0.23466095326091396,5.891592542066803,0.7259377566317372,0.3575297183212505
166,0.75,0.2935132337925089,0.30254438455992944,0.2935640434888211,2.985066399615033,0.7259377566317372,0.5025562529613664
166,1.0,0.35587467576171095,0.35587467576171095,0.35587467576171095,0.0,0.7259377566317372,0.6593663044552386
167,0.0,0.09664172029915746,0.09664172029915746,0.09664172029915746,0.0,0.41623554791117295,0.1554738534409289
167,0.25,0.10004267062117464,0.11741339964436436,0.1000352870648038,14.794503076994825,0.41623554791117295,0.11324085892627375
167,0.5,0.11968249477939776,0.13818507898957125,0.11962477325878926,13.38971207706866,0.41623554791117295,0.24585099569240942
167,0.75,0.14735878727823154,0.15895675833477813,0.1474317883402928,7.296305723673702,0.41623554791117295,0.40907215894827914
167,1.0,0.17972843767998503,0.17972843767998503,0.17972843767998503,0.0,0.41623554791117295,0.5769606656170418
168,0.0,0.10383736242553668,0.10383736242553668,0.10383736242553668,0.0,0.08477095784667155,0.17736945593143572
168,0.25,0.08925569654054345,0.1181091842714617,0.08921578883559887,24.429503860259928,0.08477095784667155,0.1305930001564886
168,0.5,0.09659794882260103,0.13238100611738673,0.09671781679318017,27.030356049005743,0.08477095784667155,0.2908220335576249
168,0.75,0.12396158923519776,0.14665282796331175,0.12411335468278634,15.472759061823659,0.08477095784667155,0.48050026162325865
168,1.0,0.16092464980923676,0.16092464980923676,0.16092464980923676,0.0,0.08477095784667155,0.6763310578665942
169,0.0,0.17565095068007125,0.17565095068007125,0.17565095068007125,0.0,-0.24649611055767867,0.30606616064404535
169,0.25,0.14034402837124046,0.23739859324432697,0.1407940276618671,40.8825358005384,-0.24649611055767867,0.2853650304494537
169,0.5,0.20042848550312484,0.2991462358085827,0.20077685669379614,32.9998303467289,-0.24649611055767867,0.4741015622625028
169,0.75,0.30575770907820865,0.3608938783728384,0.30601061593727635,15.277668200752547,-0.24649611055767867,0.7178213835640572
169,1.0,0.42264152093709406,0.42264152093709406,0.42264152093709406,0.0,-0.24649611055767867,0.9769892574162354
170,0.0,0.1454370000673919,0.1454370000673919,0.1454370000673919,0.0,0.6746209828382699,0.2310910713863999
170,0.25,0.18343538959477979,0.20002974551737285,0.18354898427195726,8.295944125545972,0.6746209828382699,0.24957049156874503
170,0.5,0.2363255887802735,0.2546224909673538,0.23645257707826015,7.18589395523046,0.6746209828382699,0.36495704108161336
170,0.75,0.2977889877316091,0.3092152364173347,0.2978493858632525,3.695241158913687,0.6746209828382699,0.5154155958131709
170,1.0,0.36380798186731567,0.36380798186731567,0.36380798186731567,0.0,0.6746209828382699,0.677540684003761
171,0.0,0.1445827727193894,0.1445827727193894,0.1445827727193894,0.0,0.7745645030550459,0.10057619211668681
171,0.25,0.1530963984554623,0.16243518931275103,0.15305452713546716,5.7492412184824815,0.7745645030550459,0.16053030079410227
171,0.5,0.16877168104431253,0.18028760590611265,0.16874724719110906,6.3875299713044065,0.7745645030550459,0.30960292458277316
171,0.75,0.19025634886200438,0.19814002249947427,0.19028741528047394,3.978839579212634,0.7745645030550459,0.47219458152503435
171,1.0,0.2159924390928359,0.2159924390928359,0.2159924390928359,0.0,0.7745645030550459,0.6382085785369405
172,0.0,0.22397669578392582,0.22397669578392582,0.22397669578392582,0.0,0.05424347813845798,0.33021911445036656
172,0.25,0.1939834924763988,0.24552758832947097,0.19413982470712993,20.993199258694172,0.05424347813845798,0.2570654827421407
172,0.5,0.19825889242370298,0.26707848087501607,0.19851473364468283,25.767552752974655,0.05424347813845798,0.3952588574013616
172,0.75,0.2414651227779711,0.2886293734205612,0.24157720572890318,16.3407660431938,0.05424347813845798,0.6123151321665559
172,1.0,0.31018026596610637,0.31018026596610637,0.31018026596610637,0.0,0.05424347813845798,0.8470281469194468
173,0.0,0.13983860895992134,0.13983860895992134,0.13983860895992134,0.0,0.25556787513776696,0.22833166570841956
173,0.25,0.1442898145033905,0.1806654927222183,0.14457240605975336,20.13427006492995,0.25556787513776696,0.2248034291237001
173,0.5,0.18468046354747464,0.22149237648451525,0.18486579164162542,16.619945806403035,0.25556787513776696,0.3712620610415578
173,0.75,0.24078193756023694,0.2623192602468122,0.24088615091155957,8.21034744696638,0.25556787513776696,0.5549383938615928
173,1.0,0.30314614400910916,0.30314614400910916,0.30314614400910916,0.0,0.25556787513776696,0.7504929598718361
174,0.0,0.16771492562613957,0.16771492562613957,0.16771492562613957,0.0,-0.16261462863514195,0.2866500749299242
174,0.25,0.1436049461242878,0.21978170165050334,0.14400039439138,34.6601900677572,-0.16261462863514195,0.23706368557803245
174,0.5,0.19187566690315566,0.2718484776748671,0.192254181235324,29.4181565612295,-0.16261462863514195,0.35599037020287394
174,0.75,0.2776755771794741,0.32391525369923085,0.27785239015308405,14.275238968119808,-0.16261462863514195,0.5406595622899475
174,1.0,0.3759820297235946,0.3759820297235946,0.3759820297235946,0.0,-0.16261462863514195,0.7441921669341747
175,0.0,0.2838569559318852,0.2838569559318852,0.2838569559318852,0.0,0.14258349284781582,0.32090342207253136
175,0.25,0.2236982800262835,0.26118389798429287,0.22375070961038776,14.352193319460937,0.14258349284781582,0.2263993881417919
175,0.5,0.1810469095569343,0.23851084003670048,0.18123271965899973,24.092796147514296,0.14258349284781582,0.3321767555468097
175,0.75,0.1702293189040865,0.21583778208910812,0.17041511549175314,21.130898744220914,0.14258349284781582,0.5138797008461446
175,1.0,0.19316472414151575,0.19316472414151575,0.19316472414151575,0.0,0.14258349284781582,0.7207210513927516
176,0.0,0.15959873371043443,0.15959873371043443,0.15959873371043443,0.0,-0.32904625179881797,0.1806301794053575
176,0.25,0.11093926823573694,0.17063374408944942,0.11087312054848793,34.98398055569801,-0.32904625179881797,0.17792698016850206
176,0.5,0.10376094730962579,0.1816687544684644,0.1038105401079345,42.884538613580084,-0.32904625179881797,0.3258066344021482
176,0.75,0.1440413324725253,0.1927037648474794,0.1441204514964338,25.25245545330642,-0.32904625179881797,0.5019087030791667
176,1.0,0.20373877522649436,0.20373877522649436,0.20373877522649436,0.0,-0.32904625179881797,0.6857225838002474
177,0.0,0.21468727285979028,0.21468727285979028,0.21468727285979028,0.0,0.4980297096665712,0.32912335479884147
177,0.25,0.19318766217983735,0.2153399716460647,0.1933779441784042,10.28713308397623,0.4980297096665712,0.27489459815222667
177,0.5,0.1857255189618109,0.2159926704323391,0.1858290708599819,14.013045632495002,0.4980297096665712,0.33850742768618614
177,0.75,0.1945306563418522,0.21664536921861352,0.1946626804906656,10.2077939429417,0.4980297096665712,0.4704183525011055
177,1.0,0.21729806800488793,0.21729806800488793,0.21729806800488793,0.0,0.4980297096665712,0.6281542978840295
178,0.0,0.14086836723411564,0.14086836723411564,0.14086836723411564,0.0,-0.3680916672890987,0.17459684667453063
178,0.25,0.09999365060791617,0.16136525358416676,0.10003919411863921,38.03272489776721,-0.3680916672890987,0.12848263337896695
178,0.5,0.1084172497280794,0.18186213993421785,0.10859945018086106,40.384925764485416,-0.3680916672890987,0.25796325321342595
178,0.75,0.15789018396568882,0.20235902628426897,0.15803939049324583,21.97522054494936,-0.3680916672890987,0.4251056689968847
178,1.0,0.22285591263432009,0.22285591263432009,0.22285591263432009,0.0,-0.3680916672890987,0.5991745517421434
179,0.0,0.1076044360465485,0.1076044360465485,0.1076044360465485,0.0,0.17480958722316595,0.20898464800720318
179,0.25,0.10727425415507358,0.13830940118517013,0.10728427197942844,22.43892805851018,0.17480958722316595,0.1774707398262913
179,0.5,0.13470081370380624,0.16901436632379177,0.1347096827322759,20.30215144803066,0.17480958722316595,0.30876984004123
179,0.75,0.17876789677404026,0.1997193314624134,0.1787924083866574,10.49043902508564,0.17480958722316595,0.48427199247632746
179,1.0,0.23042429660103506,0.23042429660103506,0.23042429660103506,0.0,0.17480958722316595,0.6704607827546627
180,0.0,0.21134934826780608,0.21134934826780608,0.21134934826780608,0.0,0.8415216334088531,0.2257019665363898
180,0.25,0.22019485464535327,0.22670756082504517,0.22029150421498622,2.872734440788194,0.8415216334088531,0.25804383401569647
180,0.5,0.23348492793171027,0.24206577338228424,0.2336595266079422,3.54484045004686,0.8415216334088531,0.3750964974445133
180,0.75,0.2511345342296838,0.2574239859395233,0.2512888798808949,2.4432267594975077,0.8415216334088531,0.5156605029255024
180,1.0,0.2727821984967624,0.2727821984967624,0.2727821984967624,0.0,0.8415216334088531,0.6645039899200895
181,0.0,0.12617814033613778,0.12617814033613778,0.12617814033613778,0.0,0.4231532131633071,0.2606584660054254
181,0.25,0.13207553219273674,0.15476906628040898,0.13226386578831478,14.662835819243325,0.4231532131633071,0.2429879692105984
181,0.5,0.15855720468093917,0.18335999222468022,0.15861599234793355,13.526826240998602,0.4231532131633071,0.3611942720679049
181,0.75,0.19659025963686033,0.21195091816895145,0.19667349079850366,7.2472715215353585,0.4231532131633071,0.5271260249283329
181,1.0,0.24054184411322266,0.24054184411322266,0.24054184411322266,0.0,0.4231532131633071,0.7083800795862989
182,0.0,0.11931237146561538,0.11931237146561538,0.11931237146561538,0.0,0.41380113753008524,0.14031017138751023
182,0.25,0.10627448053323806,0.12586204713714505,0.1063257857113335,15.562726850107156,0.41380113753008524,0.11032495968800013
182,0.5,0.10654910619915793,0.1324117228086747,0.1065849899943973,19.53196896840196,0.41380113753008524,0.21228471489020323
182,0.75,0.12116656231663211,0.13896139848020433,0.12122562755291048,12.805596632007965,0.41380113753008524,0.3436022702633673
182,1.0,0.14551107415173398,0.14551107415173398,0.14551107415173398,0.0,0.41380113753008524,0.4814664285069129
183,0.0,0.10037553680537938,0.10037553680537938,0.10037553680537938,0.0,-0.16101788723862995,0.18087971334040986
183,0.25,0.09920328491398965,0.15556812701787004,0.09933550862469406,36.23161323874895,-0.16101788723862995,0.18452911737944458
183,0.5,0.15922206236062014,0.2107607172303607,0.159329222820003,24.453634219420973,-0.16101788723862995,0.3456817827236185
183,0.75,0.23790756078009626,0.26595330744285134,0.23792873657765806,10.5453648734117,-0.16101788723862995,0.5318096651921564
183,1.0,0.321145897655342,0.321145897655342,0.321145897655342,0.0,-0.16101788723862995,0.7253703818787562
184,0.0,0.15848134123053995,0.15848134123053995,0.15848134123053995,0.0,0.11780186201475226,0.2794346590492627
184,0.25,0.1340405880619383,0.15940357279549106,0.13391459336060163,15.91117707637114,0.11780186201475226,0.20459359240198857
184,0.5,0.12116623424255685,0.1603258043604422,0.12109521025324198,24.424995261428627,0.11780186201475226,0.3153878128009952
184,0.75,0.12924402077121686,0.1612480359253933,0.12932034461287348,19.84769300941076,0.11780186201475226,0.49866254396989046
184,1.0,0.1621702674903444,0.1621702674903444,0.1621702674903444,0.0,0.11780186201475226,0.6980724465404746
185,0.0,0.16546333591305357,0.16546333591305357,0.16546333591305357,0.0,0.024528699640308155,0.16922871009014773
185,0.25,0.12727749922972703,0.16083838716133542,0.12725394057201717,20.86621765110327,0.024528699640308155,0.12228292130874649
185,0.5,0.10620200008005795,0.15621343840961724,0.10637575358263046,32.01481181050576,0.024528699640308155,0.25433471546522357
185,0.75,0.11531513748231628,0.15158848965789906,0.11544264783016497,23.92883012255319,0.024528699640308155,0.42076160785781747
185,1.0,0.1469635409061809,0.1469635409061809,0.1469635409061809,0.0,0.024528699640308155,0.5942967228906166
186,0.0,0.1097461332771404,0.1097461332771404,0.1097461332771404,0.0,-0.45900191068961305,0.18825380024724214
186,0.25,0.08572597456268008,0.1610349166086823,0.08577643433523031,46.76559818949345,-0.45900191068961305,0.14836282272631246
186,0.5,0.1404638388777096,0.21232369994022418,0.1405242420018687,33.844484192177035,-0.45900191068961305,0.34001299595003687
186,0.75,0.22434467507189104,0.26361248327176606,0.22437420631346894,14.896035162110532,-0.45900191068961305,0.5603296557411613
186,1.0,0.31490126660330797,0.31490126660330797,0.31490126660330797,0.0,-0.45900191068961305,0.7860217037773938
187,0.0,0.1031691030806318,0.1031691030806318,0.1031691030806318,0.0,0.05907975758928345,0.15528684796864833
187,0.25,0.08999320911372205,0.12055661626280365,0.09010615892656035,25.35191190374475,0.05907975758928345,0.1343417095088404
187,0.5,0.10205895364682202,0.1379441294449755,0.10224604559973217,26.01428269730588,0.05907975758928345,0.2748592037720936
187,0.75,0.13291333235479189,0.15533164262714733,0.13306181453122726,14.432545676586695,0.05907975758928345,0.4432181039422045
187,1.0,0.17271915580931918,0.17271915580931918,0.17271915580931918,0.0,0.05907975758928345,0.6171913855345648
188,0.0,0.26465659041647877,0.26465659041647877,0.26465659041647877,0.0,-0.3631850396762105,0.29445967193433054
188,0.25,0.19381105474107035,0.32650760829390246,0.1942554649049399,40.64118268061511,-0.3631850396762105,0.2577429928830112
188,0.5,0.24064427512107595,0.3883586261713261,0.24121904908490463,38.03555299041699,-0.3631850396762105,0.42194701418426755
188,0.75,0.36423318177721,0.45020964404874986,0.3646696334583207,19.0969836848342,-0.3631850396762105,0.6493343859484413
188,1.0,0.5120606619261735,0.5120606619261735,0.5120606619261735,0.0,-0.3631850396762105,0.8926800101117962
189,0.0,0.09424570108834796,0.09424570108834796,0.09424570108834796,0.0,0.6539787152988287,0.22119198373047302
189,0.25,0.10605853288383582,0.11580705593183742,0.1063574744537649,8.41790076568345,0.6539787152988287,0.16570886275163638
189,0.5,0.12724232563625298,0.13736841077532688,0.12734862391750357,7.37148015465916,0.6539787152988287,0.2816541774904223
189,0.75,0.15265733724225108,0.15892976561881633,0.15272780276401401,3.9466668513243097,0.6539787152988287,0.4540064680850977
189,1.0,0.1804911204623058,0.1804911204623058,0.1804911204623058,0.0,0.6539787152988287,0.6389930009628639
190,0.0,0.10291163355255609,0.10291163355255609,0.10291163355255609,0.0,0.6251572207187234,0.13509812020474926
190,0.25,0.10508462669199221,0.11514058287120525,0.10499136233182492,8.73363320599262,0.6251572207187234,0.1319990374087311
190,0.5,0.11393994059323306,0.12736953218985442,0.1138268800661513,10.543802246681322,0.6251572207187234,0.2676369678847296
190,0.75,0.12994841505830187,0.13959848150850357,0.12995632103996768,6.912730243139409,0.6251572207187234,0.42415622422797195
190,1.0,0.15182743082715272,0.15182743082715272,0.15182743082715272,0.0,0.6251572207187234,0.5853607219740773
191,0.0,0.08645084022132057,0.08645084022132057,0.08645084022132057,0.0,0.6949381148248097,0.20178737389464949
191,0.25,0.09729023304263654,0.10487372405627907,0.09740249724395911,7.231068679865849,0.6949381148248097,0.1643772271194569
191,0.5,0.11504382103888815,0.12329660789123754,0.11504223094929891,6.693441931208155,0.6949381148248097,0.32294718028592123
191,0.75,0.1364017038189173,0.14171949172619602,0.1364457309589519,3.7523334599257163,0.6949381148248097,0.5231476912640554
191,1.0,0.16014237556115452,0.16014237556115452,0.16014237556115452,0.0,0.6949381148248097,0.73132351313116
192,0.0,0.1718597468390031,0.1718597468390031,0.1718597468390031,0.0,0.7071862316683116,0.23587589572743867
192,0.25,0.17287459722744558,0.18387117989976562,0.17297032557303046,5.980590693068177,0.7071862316683116,0.19501899500695763
192,0.5,0.1810853970742109,0.1958826129605281,0.18119334663979397,7.554124208716251,0.7071862316683116,0.3089998839824463
192,0.75,0.19728731790710213,0.2078940460212906,0.19723998935361992,5.101987438881361,0.7071862316683116,0.46394038037256286
192,1.0,0.21990547908205313,0.21990547908205313,0.21990547908205313,0.0,0.7071862316683116,0.6338975140448514
193,0.0,0.1744465229580034,0.1744465229580034,0.1744465229580034,0.0,0.6276350085547233,0.2759139451275999
193,0.25,0.1695863019742252,0.18138704993127955,0.16955057976107707,6.505838184989054,0.6276350085547233,0.2253576433355728
193,0.5,0.1723789757634185,0.18832757690455573,0.17217565074944427,8.468542633679165,0.6276350085547233,0.3396466957502723
193,0.75,0.18350591258526183,0.1952681038778319,0.18344500294789776,6.023611157677333,0.6276350085547233,0.5229092124471797
193,1.0,0.20220863085110807,0.20220863085110807,0.20220863085110807,0.0,0.6276350085547233,0.7244910373848417
194,0.0,0.09635791951293106,0.09635791951293106,0.09635791951293106,0.0,0.6484702200376391,0.19489142951482719
194,0.25,0.10011616778930282,0.10892480118562112,0.0999410416421278,8.08689416959073,0.6484702200376391,0.13267870042178886
194,0.5,0.11078020157404422,0.12149168285831119,0.11063136759493981,8.816637511523451,0.6484702200376391,0.2519462315535831
194,0.75,0.12684948044401106,0.13405856453100123,0.1267774664708956,5.377563240521688,0.6484702200376391,0.418151447665823
194,1.0,0.1466254462036913,0.1466254462036913,0.1466254462036913,0.0,0.6484702200376391,0.59370165778789
195,0.0,0.09495053668297135,0.09495053668297135,0.09495053668297135,0.0,0.237663259568056,0.21083645567946915
195,0.25,0.08932471650083797,0.12225643725791085,0.08929513796389635,26.936594502259613,0.237663259568056,0.13563760839550643
195,0.5,0.11439221156871521,0.1495623378328504,0.11451762658228765,23.515362740211387,0.237663259568056,0.2990087866931822
195,0.75,0.15687406297168444,0.1768682384077899,0.15697061372796323,11.304559606686759,0.237663259568056,0.5003572970927834
195,1.0,0.2041741389827294,0.2041741389827294,0.2041741389827294,0.0,0.237663259568056,0.7103395415015168
196,0.0,0.19814711567021157,0.19814711567021157,0.19814711567021157,0.0,-0.009288129156901193,0.37053435220140596
196,0.25,0.15732621071661973,0.2296571732457971,0.1579335692409214,31.495189767821053,-0.009288129156901193,0.24022440915618837
196,0.5,0.17831187120795172,0.26116723082138266,0.17888618543164092,31.725021302575797,-0.009288129156901193,0.44972221789855427
196,0.75,0.24433610253739202,0.29267728839696816,0.24461088658608326,16.516890027356457,-0.009288129156901193,0.7417419680842083
196,1.0,0.3241873459725537,0.3241873459725537,0.3241873459725537,0.0,-0.009288129156901193,1.0512105951942878
197,0.0,0.18191773192122385,0.18191773192122385,0.18191773192122385,0.0,0.09799891642673048,0.27558756136542795
197,0.25,0.15000417232071983,0.18497757295628958,0.1499221504732723,18.90683290770282,0.09799891642673048,0.19103918185123783
197,0.5,0.13977295557904557,0.18803741399135535,0.13970146053697158,25.667476162232607,0.09799891642673048,0.3302967052939155
197,0.75,0.15666565387879108,0.19109725502642108,0.15661715979504645,18.017841827643988,0.09799891642673048,0.5312051472055364
197,1.0,0.19415709606148684,0.19415709606148684,0.19415709606148684,0.0,0.09799891642673048,0.74711939548016
198,0.0,0.1447259828638966,0.1447259828638966,0.1447259828638966,0.0,0.1507482444998299,0.21319968233542266
198,0.25,0.15309424805185812,0.1976972987364062,0.15335807306039045,22.561284837795505,0.1507482444998299,0.2410764936625575
198,0.5,0.21112176016104345,0.2506686146089158,0.2112125594436463,15.776548057111961,0.1507482444998299,0.4330529729668236
198,0.75,0.28156440763130974,0.30363993048142546,0.28160128011779023,7.270296372125584,0.1507482444998299,0.655478770680685
198,1.0,0.35661124635393504,0.35661124635393504,0.35661124635393504,0.0,0.1507482444998299,0.8886524195734901
199,0.0,0.15996038562445805,0.15996038562445805,0.15996038562445805,0.0,0.10489020442861734,0.23183724451198678
199,0.25,0.14647773930308067,0.19514840640504166,0.14661460611292862,24.940335408602955,0.10489020442861734,0.17815133461151575
199,0.5,0.17576705214616467,0.23033642718562525,0.17591893098168643,23.69116153541958,0.10489020442861734,0.3012115361039619
199,0.75,0.23236376692094163,0.2655244479662089,0.23248736989802424,12.488748700642194,0.10489020442861734,0.4730067521479036
199,1.0,0.30071246874679247,0.30071246874679247,0.30071246874679247,0.0,0.10489020442861734,0.6574999139357891
200,0.0,0.22288126455432367,0.22288126455432367,0.22288126455432367,0.0,-0.019703310341991825,0.2613246822836812
200,0.25,0.1756722284895898,0.22885587939299096,0.17559200228449384,23.238927068189618,-0.019703310341991825,0.1842537555924379
200,0.5,0.16282935426349138,0.23483049423165822,0.16280410719023863,30.66089870642539,-0.019703310341991825,0.3363418815569714
200,0.75,0.19162536251298518,0.24080510907032548,0.19161585667174705,20.423049472333954,-0.019703310341991825,0.5464175111356909
200,1.0,0.24677972390899278,0.24677972390899278,0.24677972390899278,0.0,-0.019703310341991825,0.7691611169982326
201,0.0,0.0790281461183343,0.0790281461183343,0.0790281461183343,0.0,0.19707843506787892,0.21882987375097238
201,0.25,0.09440237816452984,0.13329923661769155,0.09449008307074265,29.18010593317929,0.19707843506787892,0.15431162104531723
201,0.5,0.15068842819887898,0.1875703271170488,0.15092158903983652,19.66297094270916,0.19707843506787892,0.334816266169768
201,0.75,0.22169627440050532,0.24184141761640604,0.22182212600005494,8.329897920071616,0.19707843506787892,0.5606243483664078
201,1.0,0.2961125081157633,0.2961125081157633,0.2961125081157633,0.0,0.19707843506787892,0.794026402003166
202,0.0,0.19787506923582293,0.19787506923582293,0.19787506923582293,0.0,-0.05190819477673986,0.2933250544028727
202,0.25,0.16215616087393886,0.23360392377346012,0.16244146468106221,30.585001204349837,-0.05190819477673986,0.2930797295746391
202,0.5,0.19069568806127726,0.26933277831109725,0.1909073251694899,29.19699961621044,-0.05190819477673986,0.47881646005172596
202,0.75,0.25876275203626176,0.30506163284873444,0.2589491939702913,15.176894052563505,-0.05190819477673986,0.7106671807576781
202,1.0,0.34079048738637163,0.34079048738637163,0.34079048738637163,0.0,-0.05190819477673986,0.9567692169303292
203,0.0,0.11997391443397562,0.11997391443397562,0.11997391443397562,0.0,0.10641631108523758,0.1862641731983177
203,0.25,0.1024974083404228,0.1320019934604641,0.10255730009033028,22.351620870694056,0.10641631108523758,0.16876957697829456
203,0.5,0.10718532511664025,0.1440300724869526,0.10732348941765954,25.581287806162866,0.10641631108523758,0.3102344686906907
203,0.75,0.1320396002721502,0.15605815151344113,0.13215778412037837,15.390770048447122,0.10641631108523758,0.4841144518192231
203,1.0,0.1680862305399296,0.1680862305399296,0.1680862305399296,0.0,0.10641631108523758,0.6670186667799409
204,0.0,0.1449038012020112,0.1449038012020112,0.1449038012020112,0.0,-0.09149256616296103,0.18448533886015
204,0.25,0.12165098149832915,0.172673218888372,0.12157276710122827,29.548437052666042,-0.09149256616296103,0.16302020897328906
204,0.5,0.14003288073721665,0.20044263657473282,0.13992271299433204,30.138176622413894,-0.09149256616296103,0.3430876504142005
204,0.75,0.19074444409979727,0.2282120542610936,0.19066131472336784,16.4178926843322,-0.09149256616296103,0.5523860813910944
204,1.0,0.2559814719474544,0.2559814719474544,0.2559814719474544,0.0,-0.09149256616296103,0.767237340027223
205,0.0,0.1621793826354766,0.1621793826354766,0.1621793826354766,0.0,0.22174900511745946,0.1969555427802746
205,0.25,0.1390848165246266,0.1654146991668546,0.13913743748653484,15.917498731880498,0.22174900511745946,0.12673698694993393
205,0.5,0.13164207393787336,0.16865001569823262,0.1317053951711541,21.943633747759616,0.22174900511745946,0.26064557607553795
205,0.75,0.1448867972993872,0.1718853322296106,0.14498773565074607,15.707294264153848,0.22174900511745946,0.4316109909259691
205,1.0,0.17512064876098862,0.17512064876098862,0.17512064876098862,0.0,0.22174900511745946,0.6106124935856402
206,0.0,0.12741506744082037,0.12741506744082037,0.12741506744082037,0.0,0.39179442192102154,0.1991753186221525
206,0.25,0.12722321755351063,0.1496205301067473,0.12743656366248796,14.969411308232395,0.39179442192102154,0.14318049358820276
206,0.5,0.14528567917359314,0.1718259927726742,0.14551667211126051,15.446041178527569,0.39179442192102154,0.25015158516937624
206,0.75,0.1770310922268653,0.19403145543860112,0.17710808433733854,8.76165319345108,0.39179442192102154,0.40186840406941404
206,1.0,0.21623691810452805,0.21623691810452805,0.21623691810452805,0.0,0.39179442192102154,0.5640307137756091
207,0.0,0.17543589295153156,0.17543589295153156,0.17543589295153156,0.0,0.06692040788232395,0.27478648301646685
207,0.25,0.17183199287003276,0.22685798156130801,0.17220891489729268,24.255698791186052,0.06692040788232395,0.30179700013590427
207,0.5,0.22449359274357292,0.27828007017108447,0.22484811028279544,19.32818163889496,0.06692040788232395,0.4345705658358493
207,0.75,0.2989631421466362,0.32970215878086095,0.29909730583997785,9.32326823333166,0.06692040788232395,0.5967382420262751
207,1.0,0.38112424739063744,0.38112424739063744,0.38112424739063744,0.0,0.06692040788232395,0.7711472593021319
208,0.0,0.11705867105437515,0.11705867105437515,0.11705867105437515,0.0,-0.4354866832199612,0.25640202133903234
208,0.25,0.10071542331926336,0.1887166572539074,0.10082070462262882,46.63140774915456,-0.4354866832199612,0.16790878690416283
208,0.5,0.17894716749791706,0.2603746434534397,0.17900036351896562,31.273197295835576,-0.4354866832199612,0.41090834443926694
208,0.75,0.28855019181611974,0.332032629652972,0.2885957725387621,13.095832744600566,-0.4354866832199612,0.6892812371981116
208,1.0,0.40369061585250426,0.40369061585250426,0.40369061585250426,0.0,-0.4354866832199612,0.9736079047774056
209,0.0,0.08981795591096228,0.08981795591096228,0.08981795591096228,0.0,0.16545662600333377,0.14167797624683154
209,0.25,0.09260751930961922,0.11990360704976341,0.09267175138446473,22.765026350554695,0.16545662600333377,0.15588547099003747
209,0.5,0.11998424950127509,0.14998925818856454,0.12003195664146507,20.004771708096282,0.16545662600333377,0.3225709107747591
209,0.75,0.16176819590467692,0.18007490932736567,0.16184216310871297,10.166165564691864,0.16545662600333377,0.5089474843761903
209,1.0,0.2101605604661668,0.2101605604661668,0.2101605604661668,0.0,0.16545662600333377,0.6994897695923288
210,0.0,0.17006062447318454,0.17006062447318454,0.17006062447318454,0.0,0.23765834456981189,0.2562600268863192
210,0.25,0.158795052196261,0.20076263361663133,0.15904081644262372,20.904079939751153,0.23765834456981189,0.22512608014439245
210,0.5,0.17582942483696046,0.23146464276007814,0.17603131526955101,24.036162612008816,0.23765834456981189,0.32582742975912515
210,0.75,0.22483607228802258,0.26216665190352495,0.2249909766789177,14.239255582071397,0.23765834456981189,0.48146045067828036
210,1.0,0.29286866104697173,0.29286866104697173,0.29286866104697173,0.0,0.23765834456981189,0.6530816934598345
211,0.0,0.1847865504183427,0.1847865504183427,0.1847865504183427,0.0,-0.20085325026304995,0.24725877432737114
211,0.25,0.13817945947887655,0.1959993360257635,0.1381342828265934,29.50003694874084,-0.20085325026304995,0.19611632212415164
211,0.5,0.1311839968278774,0.2072121216331843,0.1313049411841607,36.690963929173556,-0.20085325026304995,0.38008834542392145
211,0.75,0.16878240902424962,0.21842490724060512,0.16881400727392437,22.72748966383764,-0.20085325026304995,0.6124963025701736
211,1.0,0.22963769284802593,0.22963769284802593,0.22963769284802593,0.0,-0.20085325026304995,0.8554303331366033
212,0.0,0.09103257200536072,0.09103257200536072,0.09103257200536072,0.0,0.631265220488843,0.21574244218506078
212,0.25,0.12622623364392704,0.14199849468415754,0.1261750212715679,11.107343831575257,0.631265220488843,0.1898232283473176
212,0.5,0.17664469311131836,0.1929644173629544,0.17672104855268284,8.457374926766736,0.631265220488843,0.2962509559833212
212,0.75,0.2342172909223668,0.2439303400417512,0.23426957594089964,3.981894633411298,0.631265220488843,0.4432625843999669
212,1.0,0.29489626272054803,0.29489626272054803,0.29489626272054803,0.0,0.631265220488843,0.6030451364000255
213,0.0,0.10938521172454066,0.10938521172454066,0.10938521172454066,0.0,0.28542776341718956,0.22453049996661967
213,0.25,0.09866456747199201,0.1166693402704219,0.09867633583002744,15.432308742551859,0.28542776341718956,0.11705822441712008
213,0.5,0.10117624385305336,0.12395346881630313,0.10124902477372036,18.375625289684482,0.28542776341718956,0.24922505453397575
213,0.75,0.1151843838026974,0.13123759736218438,0.11527786557043596,12.232175750051223,0.28542776341718956,0.4382673371871682
213,1.0,0.1385217259080656,0.1385217259080656,0.1385217259080656,0.0,0.28542776341718956,0.6359727756540698
214,0.0,0.15617708645741768,0.15617708645741768,0.15617708645741768,0.0,-0.2586972259782818,0.19325027816184018
214,0.25,0.11708095109533112,0.17496784051472772,0.11707417300795103,33.0843023775698,-0.2586972259782818,0.1469477679963408
214,0.5,0.12301719212021342,0.19375859457203776,0.12321774986040063,36.51007203477795,-0.2586972259782818,0.26711055707698966
214,0.75,0.1685359227083348,0.21254934862934777,0.16870036744514363,20.707391579809244,-0.2586972259782818,0.432685409031627
214,1.0,0.2313401026866578,0.2313401026866578,0.2313401026866578,0.0,-0.2586972259782818,0.6071404897170205
215,0.0,0.3163114415745383,0.3163114415745383,0.3163114415745383,0.0,0.09671598920948046,0.46277018895555
215,0.25,0.2400213858785641,0.3271861187174667,0.24030317425794961,26.640718493980952,0.09671598920948046,0.29062834345382504
215,0.5,0.22638078995142222,0.33806079586039517,0.2266558219239463,33.035479794318434,0.09671598920948046,0.3764236835051954
215,0.75,0.2789005465259332,0.3489354730033236,0.27894954154813545,20.07102513097696,0.09671598920948046,0.5947276554814902
215,1.0,0.35981015014625206,0.35981015014625206,0.35981015014625206,0.0,0.09671598920948046,0.8588605751192466
216,0.0,0.1254656103389774,0.1254656103389774,0.1254656103389774,0.0,-0.1426639607993746,0.1927672471984291
216,0.25,0.10016413674467409,0.1446983436097831,0.10017352787068068,30.77727481470496,-0.1426639607993746,0.14691627861687945
216,0.5,0.11102180288068879,0.16393107688058878,0.11104170862999777,32.27531655784848,-0.1426639607993746,0.27697330050668745
216,0.75,0.150451037211526,0.18316381015139446,0.15044896330380658,17.859845191487146,-0.1426639607993746,0.451252040714388
216,1.0,0.20239654342220015,0.20239654342220015,0.20239654342220015,0.0,-0.1426639607993746,0.6335368277198602
217,0.0,0.2861207942666054,0.2861207942666054,0.2861207942666054,0.0,-0.20847981484012973,0.34519369156781565
217,0.25,0.21116570066626417,0.3078584689610555,0.21138919811958062,31.408188516335112,-0.20847981484012973,0.26501214120288596
217,0.5,0.20510208643441913,0.3295961436555056,0.20547948358650509,37.771697156507955,-0.20847981484012973,0.40965251381389606
217,0.75,0.2732886566515063,0.3513338183499557,0.2735471531940862,22.213962226861504,-0.20847981484012973,0.6286691742071508
217,1.0,0.3730714930444058,0.3730714930444058,0.3730714930444058,0.0,-0.20847981484012973,0.8689774613495362
218,0.0,0.21079645151724646,0.21079645151724646,0.21079645151724646,0.0,-0.4752130128607661,0.3233504659511543
218,0.25,0.1496733244787662,0.2836632444521014,0.15015007907130828,47.23555927456804,-0.4752130128607661,0.24666636774263517
218,0.5,0.2232953148389339,0.3565300373869563,0.224022183024764,37.36984505555627,-0.4752130128607661,0.407605527860321
218,0.75,0.3555867187750328,0.42939683032181125,0.35601135814060697,17.189253933584347,-0.4752130128607661,0.6505622456559496
218,1.0,0.5022636232566662,0.5022636232566662,0.5022636232566662,0.0,-0.4752130128607661,0.9121661483402743
219,0.0,0.2066187887742284,0.2066187887742284,0.2066187887742284,0.0,0.988392069345869,0.4001991706894993
219,0.25,0.2406482493825113,0.24135757755140314,0.24072035202588596,0.2938909878397178,0.988392069345869,0.36887651939479815
219,0.5,0.2753539775696663,0.2760963663285778,0.2753510746372589,0.26888755139501397,0.988392069345869,0.5080961144836762
219,0.75,0.3102655327842594,0.31083515510575255,0.31033408539717766,0.1832554368888406,0.988392069345869,0.7260008030215498
219,1.0,0.3455739438829273,0.3455739438829273,0.3455739438829273,0.0,0.988392069345869,0.9708796856107262
220,0.0,0.18137794897906212,0.18137794897906212,0.18137794897906212,0.0,-0.20615095776530196,0.19648950431779347
220,0.25,0.13299754215835127,0.18099774666551946,0.1328028208046311,26.5197801582976,-0.20615095776530196,0.15452198719695565
220,0.5,0.11130309526061888,0.1806175443519768,0.11126072954551715,38.37636556296105,-0.20615095776530196,0.33258714679037776
220,0.75,0.1315673728928144,0.18023734203843414,0.13158046463988649,27.003266135183722,-0.20615095776530196,0.5451257218552319
220,1.0,0.17985713972489148,0.17985713972489148,0.17985713972489148,0.0,-0.20615095776530196,0.7642660592153192
221,0.0,0.07169782152971119,0.07169782152971119,0.07169782152971119,0.0,0.7295923541162412,0.1950808891199117
221,0.25,0.08098378333635808,0.08736822564205798,0.08120874384339564,7.3075105494949,0.7295923541162412,0.15426729036799153
221,0.5,0.0959759973224894,0.10303862975440477,0.09602758820352439,6.8543539920409735,0.7295923541162412,0.3024202615923487
221,0.75,0.1141725924377705,0.11870903386675155,0.11425350471919385,3.8214795295807957,0.7295923541162412,0.4909836052529921
221,1.0,0.13437943797909835,0.13437943797909835,0.13437943797909835,0.0,0.7295923541162412,0.6882854832805738
222,0.0,0.17501727702171455,0.17501727702171455,0.17501727702171455,0.0,0.26748595548361537,0.3069204673065411
222,0.25,0.17324525129561016,0.21515154126758096,0.17333121230820459,19.477569031147457,0.26748595548361537,0.27529440081222245
222,0.5,0.20690335532426235,0.2552858055134474,0.20706285295500038,18.952268063582732,0.26748595548361537,0.4016275854828947
222,0.75,0.2645641253520387,0.2954200697593138,0.2647262180928864,10.444769183222446,0.26748595548361537,0.5912629668572407
222,1.0,0.3355543340051802,0.3355543340051802,0.3355543340051802,0.0,0.26748595548361537,0.8005806842898409
223,0.0,0.12856143801335237,0.12856143801335237,0.12856143801335237,0.0,0.011326470494246899,0.2192720517202134
223,0.25,0.11529358305014076,0.15540034763007715,0.1154071453328314,25.808671081874646,0.011326470494246899,0.1552175124686907
223,0.5,0.13410468740141135,0.18223925724680196,0.13426921392631172,26.412843518234485,0.011326470494246899,0.26651416259240934
223,0.75,0.1781986679816559,0.20907816686352676,0.1783178371416515,14.769356047600645,0.011326470494246899,0.4380912774834788
223,1.0,0.23591707648025154,0.23591707648025154,0.23591707648025154,0.0,0.011326470494246899,0.6219317659086399
224,0.0,0.09500593893657192,0.09500593893657192,0.09500593893657192,0.0,0.19984977688061098,0.1687689662424124
224,0.25,0.10653763722807114,0.13461224536160254,0.10678000037562789,20.85590954828508,0.19984977688061098,0.18517648622276095
224,0.5,0.14654648242014767,0.1742185517866332,0.1467419922968706,15.883537707497265,0.19984977688061098,0.34360497212341035
224,0.75,0.19737920554770363,0.2138248582116639,0.19753995104907512,7.6911790338618164,0.19984977688061098,0.5294151879867302
224,1.0,0.2534311646366945,0.2534311646366945,0.2534311646366945,0.0,0.19984977688061098,0.7215766357477627
225,0.0,0.1434373046467959,0.1434373046467959,0.1434373046467959,0.0,0.550980275297376,0.23367106091007894
225,0.25,0.135092702935809,0.14916756900998226,0.1349227766343447,9.435607329118156,0.550980275297376,0.17123182370446594
225,0.5,0.13659879522919754,0.15489783337316865,0.13648836289480085,11.813617883141326,0.550980275297376,0.2862172815135699
225,0.75,0.14764298797016195,0.160628097736355,0.14761862232500217,8.083959126195971,0.550980275297376,0.4597956410114522
225,1.0,0.16635836209954136,0.16635836209954136,0.16635836209954136,0.0,0.550980275297376,0.6487511226037903
226,0.0,0.18472317269613434,0.18472317269613434,0.18472317269613434,0.0,-0.1861140388227153,0.28372341922208283
226,0.25,0.1396108406692757,0.20888979907803873,0.1397575215960972,33.165314301863646,-0.1861140388227153,0.24867038611626063
226,0.5,0.1490617778336925,0.23305642545994315,0.14925722037516748,36.04047709068091,-0.1861140388227153,0.3733890891982452
226,0.75,0.20613863451493875,0.2572230518418475,0.20619348032832502,19.85996859967193,-0.1861140388227153,0.5558660121308803
226,1.0,0.28138967822375194,0.28138967822375194,0.28138967822375194,0.0,-0.1861140388227153,0.7567811189119171
227,0.0,0.22875401415322066,0.22875401415322066,0.22875401415322066,0.0,-0.14333552633743116,0.26810554891389876
227,0.25,0.17141021576504029,0.24311136911442094,0.17131017766925216,29.493130498407226,-0.14333552633743116,0.19160380479627243
227,0.5,0.1544568404313922,0.2574687240756212,0.1544539163891811,40.009474554266,-0.14333552633743116,0.31650169993970023
227,0.75,0.2085038583549535,0.2718260790368215,0.20845782028765886,23.295123450347965,-0.14333552633743116,0.5008108346806175
227,1.0,0.28618343399802176,0.28618343399802176,0.28618343399802176,0.0,-0.14333552633743116,0.6977334177981847
228,0.0,0.12139283499583167,0.12139283499583167,0.12139283499583167,0.0,0.5561431507711595,0.2264898715523376
228,0.25,0.11611873922642826,0.12842528083184138,0.11622962855447869,9.582647221560025,0.5561431507711595,0.16794505520371455
228,0.5,0.1199237418200698,0.13545772666785105,0.11994313157439386,11.467773179060758,0.5561431507711595,0.2971545152804311
228,0.75,0.13173429482208737,0.14249017250386073,0.13165454109182764,7.54850491986171,0.5561431507711595,0.48283862817153944
228,1.0,0.14952261833987043,0.14952261833987043,0.14952261833987043,0.0,0.5561431507711595,0.6799733617394164
229,0.0,0.1455721303191882,0.1455721303191882,0.1455721303191882,0.0,0.03257705401225198,0.17686424463497474
229,0.25,0.1247460435018013,0.1676952821470178,0.12470307111745244,25.611477016725527,0.03257705401225198,0.1879133302479619
229,0.5,0.13876778454862904,0.18981843397484735,0.13892514996377417,26.894463491877186,0.03257705401225198,0.3985237667145587
229,0.75,0.17980151485522813,0.2119415858026769,0.17999039913032258,15.164589254971418,0.03257705401225198,0.6352670591561131
229,1.0,0.2340647376305065,0.2340647376305065,0.2340647376305065,0.0,0.03257705401225198,0.8782788917673311
230,0.0,0.11549270560032092,0.11549270560032092,0.11549270560032092,0.0,0.41660810044560337,0.22327087950093466
230,0.25,0.10472932343188912,0.12808997562936897,0.10474584347800772,18.237689626137787,0.41660810044560337,0.1900272662622413
230,0.5,0.11312492266562656,0.14068724565841703,0.11319926858564099,19.59120236081008,0.41660810044560337,0.31901810095027494
230,0.75,0.1363317838854283,0.1532845156874651,0.1363909428740399,11.059650562880119,0.41660810044560337,0.49644914797452605
230,1.0,0.16588178571651316,0.16588178571651316,0.16588178571651316,0.0,0.41660810044560337,0.6854897163926008
231,0.0,0.1604591147744343,0.1604591147744343,0.1604591147744343,0.0,0.18114314909641324,0.2381131977029077
231,0.25,0.1491530376109063,0.18704400983095998,0.14923593565003268,20.257784386838917,0.18114314909641324,0.19756063083629574
231,0.5,0.1690973546309342,0.21362890488748565,0.1692058592838731,20.845283216709554,0.18114314909641324,0.30972210080901375
231,0.75,0.21147940978781182,0.24021379994401132,0.2115004799517658,11.962006413826709,0.18114314909641324,0.4817718647182778
231,1.0,0.266798695000537,0.266798695000537,0.266798695000537,0.0,0.18114314909641324,0.6694516591345957
232,0.0,0.15995484699501722,0.15995484699501722,0.15995484699501722,0.0,0.7286644539197052,0.3259543210688207
232,0.25,0.17011194485636255,0.17764396806828267,0.17002210427822204,4.239954383942246,0.7286644539197052,0.3091405663275622
232,0.5,0.18534308649709924,0.19533308914154812,0.18539934161761157,5.114342218388623,0.7286644539197052,0.45507193752865427
232,0.75,0.2058237054416827,0.21302221021481355,0.2059609188107215,3.379227342478419,0.7286644539197052,0.6501368888573711
232,1.0,0.230711331288079,0.230711331288079,0.230711331288079,0.0,0.7286644539197052,0.8617666866951423
233,0.0,0.1471173221783116,0.1471173221783116,0.1471173221783116,0.0,0.6749012047502958,0.2454466380027783
233,0.25,0.18400967507564014,0.19849555859474288,0.18409129400183208,7.297837604859336,0.6749012047502958,0.25333263999340755
233,0.5,0.2350621633259154,0.24987379501117418,0.2351427106611216,5.927645067621601,0.6749012047502958,0.3915041587202664
233,0.75,0.2922272215866572,0.3012520314276054,0.2922616058567982,2.9957672976279937,0.6749012047502958,0.5725656255234839
233,1.0,0.3526302678440367,0.3526302678440367,0.3526302678440367,0.0,0.6749012047502958,0.7667832006102404
234,0.0,0.15538795769071087,0.15538795769071087,0.15538795769071087,0.0,0.41559055747448403,0.2089812993027544
234,0.25,0.13796008931050674,0.15601963550287537,0.13781715850053505,11.575175223400525,0.41559055747448403,0.159617322757711
234,0.5,0.1330664879009697,0.1566513133150399,0.13300972657113957,15.055619333774107,0.41559055747448403,0.2770833493089473
234,0.75,0.1404429303335384,0.15728299112720442,0.1404499577089455,10.706854360397067,0.41559055747448403,0.4424847647859773
234,1.0,0.15791466893936892,0.15791466893936892,0.15791466893936892,0.0,0.41559055747448403,0.6184395989142464
235,0.0,0.09715052300920912,0.09715052300920912,0.09715052300920912,0.0,0.027843066060503213,0.18093291010642
235,0.25,0.08719825697980138,0.12433893491983329,0.087255198651044,29.870513177532132,0.027843066060503213,0.1624509268070269
235,0.5,0.11307432406197426,0.15152734683045746,0.11322573097712468,25.376952459616366,0.027843066060503213,0.3106643848446271
235,0.75,0.15642581216189644,0.17871575874108164,0.15648244886464174,12.472289369555966,0.027843066060503213,0.49246458373311586
235,1.0,0.2059041706517058,0.2059041706517058,0.2059041706517058,0.0,0.027843066060503213,0.6822313754268422
236,0.0,0.24305096051931546,0.24305096051931546,0.24305096051931546,0.0,0.2595836158479877,0.2697694656567949
236,0.25,0.20135849975351744,0.23635987898677988,0.20152424262008387,14.808511234353839,0.2595836158479877,0.20837680386814553
236,0.5,0.1797315914748592,0.2296687974542443,0.1799291401214944,21.743139047581682,0.2595836158479877,0.320949187165874
236,0.75,0.18569446312330837,0.22297771592170867,0.18581331243534852,16.72061831124465,0.2595836158479877,0.49926594395335666
236,1.0,0.2162866343891731,0.2162866343891731,0.2162866343891731,0.0,0.2595836158479877,0.6946565453072111
237,0.0,0.24724945365090906,0.24724945365090906,0.24724945365090906,0.0,0.22543956528924622,0.302173838855405
237,0.25,0.20601779908099033,0.25834785003671634,0.2061966078836144,20.25565567829919,0.22543956528924622,0.24397696582149342
237,0.5,0.20272439858627034,0.2694462464225237,0.2028932283710692,24.762582044518656,0.22543956528924622,0.3508070276202452
237,0.75,0.23662532615813903,0.28054464280833097,0.23682925554057938,15.655018827145373,0.22543956528924622,0.5236591218565464
237,1.0,0.29164303919413825,0.29164303919413825,0.29164303919413825,0.0,0.22543956528924622,0.7190036676627014
238,0.0,0.11337047826387987,0.11337047826387987,0.11337047826387987,0.0,0.564029820056122,0.18397742364019376
238,0.25,0.10829716061860473,0.11940438369464369,0.10811854251088124,9.302190365509356,0.564029820056122,0.13057239288382574
238,0.5,0.11098343929598262,0.1254382891254075,0.11092855694564391,11.523474953467815,0.564029820056122,0.2423062313767886
238,0.75,0.12124594758346532,0.13147219455617132,0.12127646157155571,7.778258366514789,0.564029820056122,0.39833340973272935
238,1.0,0.13750609998693514,0.13750609998693514,0.13750609998693514,0.0,0.564029820056122,0.562987429035502
239,0.0,0.12136300738661329,0.12136300738661329,0.12136300738661329,0.0,-0.13400008443334152,0.21382018132970676
239,0.25,0.11333014754110396,0.18434484732617767,0.11368613407215078,38.5227473483005,-0.13400008443334152,0.1655491543111987
239,0.5,0.18238545114752197,0.24732668726574203,0.18264046431065112,26.25727002458229,-0.13400008443334152,0.32798953247448215
239,0.75,0.27491490798036633,0.3103085272053064,0.27510989399193664,11.405944768486142,-0.13400008443334152,0.5285639511906912
239,1.0,0.3732903671448708,0.3732903671448708,0.3732903671448708,0.0,-0.13400008443334152,0.7375468684569608
240,0.0,0.20142179306019847,0.20142179306019847,0.20142179306019847,0.0,0.10977087707632927,0.227779751529944
240,0.25,0.16086300576587398,0.19540007715706342,0.1608996598467931,17.67505514515657,0.10977087707632927,0.15098595484700653
240,0.5,0.13734219571723433,0.18937836125392835,0.1375015111424666,27.477355486734425,0.10977087707632927,0.2679518649019892
240,0.75,0.14394725232975447,0.18335664535079327,0.14410990158348178,21.49329954507062,0.10977087707632927,0.43852061580443336
240,1.0,0.17733492944765822,0.17733492944765822,0.17733492944765822,0.0,0.10977087707632927,0.6210880665317624
241,0.0,0.17538085243434653,0.17538085243434653,0.17538085243434653,0.0,0.45960214407334266,0.2582412730683329
241,0.25,0.15330687507493224,0.1744701191637939,0.15333475147602738,12.130010680507098,0.45960214407334266,0.22239495666565984
241,0.5,0.1439972412125377,0.1735593858932413,0.14393505735581053,17.032870062635308,0.45960214407334266,0.3490394911887365
241,0.75,0.1511200011553327,0.1726486526226887,0.1510701452223044,12.46963190289433,0.45960214407334266,0.5293152062507989
241,1.0,0.17173791935213606,0.17173791935213606,0.17173791935213606,0.0,0.45960214407334266,0.7257528384016072
242,0.0,0.17054586842724787,0.17054586842724787,0.17054586842724787,0.0,0.4755063112877694,0.2797321083250195
242,0.25,0.1702578115723857,0.19695835377467724,0.17042279461553222,13.556440582782937,0.4755063112877694,0.24707750421912067
242,0.5,0.18920103696928997,0.2233708391221066,0.18933653168209097,15.297342431586403,0.4755063112877694,0.3622126813820373
242,0.75,0.22662451286119498,0.24978332446953594,0.22668531169190015,9.27156032434241,0.4755063112877694,0.5354920688525846
242,1.0,0.2761958098169653,0.2761958098169653,0.2761958098169653,0.0,0.4755063112877694,0.7250153569446918
243,0.0,0.18879516910639688,0.18879516910639688,0.18879516910639688,0.0,0.8443592481022772,0.2635575710417172
243,0.25,0.20371804693547166,0.21088385921179548,0.20371124690774867,3.397989918767097,0.8443592481022772,0.18707986566757587
243,0.5,0.2244787855322566,0.23297254931719413,0.2245309468990123,3.6458217115413083,0.8443592481022772,0.2603163703217582
243,0.75,0.24925643189280333,0.2550612394225928,0.24932986211310354,2.27584855422579,0.8443592481022772,0.4100854984876885
243,1.0,0.2771499295279914,0.2771499295279914,0.2771499295279914,0.0,0.8443592481022772,0.5803352865664813
244,0.0,0.07591588808854283,0.07591588808854283,0.07591588808854283,0.0,0.9245273908254976,0.17412024103243373
244,0.25,0.1037540004063,0.10531764511439784,0.1036624286952692,1.4846939526604208,0.9245273908254976,0.15036737402925743
244,0.5,0.13283099668065756,0.13471940214025285,0.13287353363027354,1.401732363412156,0.9245273908254976,0.2864753395434987
244,0.75,0.16284924768770628,0.16412115916610787,0.16293831091773708,0.7749832409569279,0.9245273908254976,0.4586139066537869
244,1.0,0.19352291619196288,0.19352291619196288,0.19352291619196288,0.0,0.9245273908254976,0.6383065867916111
245,0.0,0.1600924705322216,0.1600924705322216,0.1600924705322216,0.0,-0.13467905869518748,0.27155439637251405
245,0.25,0.13886076002563413,0.20444519415030887,0.13911017879224308,32.07922514258604,-0.13467905869518748,0.2066373644324786
245,0.5,0.17983344892274294,0.24879791776839613,0.18007790116257577,27.719069944086762,-0.13467905869518748,0.37599738053283693
245,0.75,0.25375319805166874,0.2931506413864834,0.2539562371512948,13.43931677873218,-0.13467905869518748,0.5949150828829874
245,1.0,0.3375033650045707,0.3375033650045707,0.3375033650045707,0.0,-0.13467905869518748,0.826228293009581
246,0.0,0.1300247284936718,0.1300247284936718,0.1300247284936718,0.0,0.7257565870477493,0.17945936476993377
246,0.25,0.13482326576321868,0.14339762862137018,0.1348235239430721,5.979431417789627,0.7257565870477493,0.1615918235054822
246,0.5,0.14649701099833307,0.15677052874906855,0.146603618962602,6.553220068026677,0.7257565870477493,0.257905129530769
246,0.75,0.16326680553813536,0.17014342887676692,0.16335479510343104,4.041662604326746,0.7257565870477493,0.3926566446011738
246,1.0,0.1835163290044653,0.1835163290044653,0.1835163290044653,0.0,0.7257565870477493,0.5373859307451043
247,0.0,0.0807355451391912,0.0807355451391912,0.0807355451391912,0.0,0.8641522390414427,0.2128224837447782
247,0.25,0.1175065253258051,0.1217480926051909,0.1176192994382996,3.483888074649766,0.8641522390414427,0.17009606957277315
247,0.5,0.15871898193849324,0.16276064007119062,0.15887319654752968,2.483191348307301,0.8641522390414427,0.2640701478273253
247,0.75,0.20139830603823067,0.20377318753719031,0.20152628118431706,1.1654533786621069,0.8641522390414427,0.41076933866442294
247,1.0,0.24478573500319,0.24478573500319,0.24478573500319,0.0,0.8641522390414427,0.5708154652659934
248,0.0,0.18164188221034877,0.18164188221034877,0.18164188221034877,0.0,0.38202464855024076,0.29740901729077235
248,0.25,0.16876832938622444,0.20177322504358702,0.16906559159633183,16.357420886855966,0.38202464855024076,0.25241550261192947
248,0.5,0.182591775661867,0.22190456787682522,0.18278349370920893,17.71608065174214,0.38202464855024076,0.3819057182154023
248,0.75,0.21723775945881624,0.24203591071006342,0.21746755534208187,10.245649572617788,0.38202464855024076,0.566505759502995
248,1.0,0.26216725354330167,0.26216725354330167,0.26216725354330167,0.0,0.38202464855024076,0.7681160596954391
249,0.0,0.07519683847784157,0.07519683847784157,0.07519683847784157,0.0,0.788812441246983,0.18157359858039068
249,0.25,0.09639287921400949,0.10176441331424364,0.0965118422707746,5.278401285179246,0.788812441246983,0.15621114981572454
249,0.5,0.12259364035821141,0.12833198815064573,0.12274153274817412,4.471486708129402,0.788812441246983,0.26379348412521053
249,0.75,0.15133495831987348,0.1548995629870478,0.1514406072522338,2.3012361032112016,0.788812441246983,0.41180157115500016
249,1.0,0.18146713782344986,0.18146713782344986,0.18146713782344986,0.0,0.788812441246983,0.5700237895607778
250,0.0,0.2280059236415551,0.2280059236415551,0.2280059236415551,0.0,-0.008884312870221595,0.3209463488379112
250,0.25,0.18475132225162427,0.24338939482367294,0.1847788857494573,24.09228742876406,-0.008884312870221595,0.2789686968747318
250,0.5,0.18239703909328794,0.25877286600579075,0.18257140756888496,29.514619554738665,-0.008884312870221595,0.40933337104665246
250,0.75,0.2240552211308638,0.27415633718790855,0.22431765010911045,18.274651817625188,-0.008884312870221595,0.6011864661644661
250,1.0,0.2895398083700264,0.2895398083700264,0.2895398083700264,0.0,-0.008884312870221595,0.8134904925937054
251,0.0,0.09284138167342607,0.09284138167342607,0.09284138167342607,0.0,0.6532478743022152,0.22420315545691769
251,0.25,0.10266232343629556,0.11199449113922742,0.10288661115662426,8.33270244634663,0.6532478743022152,0.16027061695753864
251,0.5,0.12100418363604754,0.13114760060502878,0.12109207590282144,7.734351922708605,0.6532478743022152,0.27428342909425385
251,0.75,0.1438005445448503,0.1503007100708301,0.14389137852688755,4.3247736640209755,0.6532478743022152,0.44765483676444184
251,1.0,0.16945381953663147,0.16945381953663147,0.16945381953663147,0.0,0.6532478743022152,0.6334042162247502
252,0.0,0.20360687861562832,0.20360687861562832,0.20360687861562832,0.0,-0.07943882081824831,0.2737104741358066
252,0.25,0.16242423874726164,0.23328081595912256,0.1625692715353248,30.373940917746534,-0.07943882081824831,0.22780558473101226
252,0.5,0.17533921758073145,0.2629547533026168,0.17544752235709898,33.319624240089155,-0.07943882081824831,0.33184804576381133
252,0.75,0.23804636560885745,0.2926286906461111,0.23809942487914088,18.652417477157922,-0.07943882081824831,0.49849257406590075
252,1.0,0.3223026279896053,0.3223026279896053,0.3223026279896053,0.0,-0.07943882081824831,0.6823838313703539
253,0.0,0.19530778337990995,0.19530778337990995,0.19530778337990995,0.0,0.21255023804526205,0.2753984764179976
253,0.25,0.18287930510351777,0.22525121948435411,0.18315730405832426,18.810958927474076,0.21255023804526205,0.2287801425532391
253,0.5,0.20255230329996377,0.2551946555887983,0.20285935183374854,20.628312990088038,0.21255023804526205,0.353816005663684
253,0.75,0.2504083546054361,0.28513809169324245,0.25054151252727774,12.179971073513862,0.21255023804526205,0.5425438275906
253,1.0,0.3150815277976866,0.3150815277976866,0.3150815277976866,0.0,0.21255023804526205,0.7472158076394536
254,0.0,0.179239627761354,0.179239627761354,0.179239627761354,0.0,0.43224381604188883,0.28530325053338035
254,0.25,0.1715454819412154,0.2027291356549582,0.17155956087619012,15.381929988996191,0.43224381604188883,0.2209952261133759
254,0.5,0.18787827586743117,0.22621864354856236,0.18812173869840682,16.948367773631645,0.43224381604188883,0.41052957410275426
254,0.75,0.2248449664122804,0.24970815144216651,0.2250406509680242,9.95689763681764,0.43224381604188883,0.651116633130955
254,1.0,0.2731976593357707,0.2731976593357707,0.2731976593357707,0.0,0.43224381604188883,0.9062798367215024
255,0.0,0.19670429138012713,0.19670429138012713,0.19670429138012713,0.0,-0.024106367806695964,0.2325678764273444
255,0.25,0.14996971213619897,0.191731361236399,0.150028616647358,21.781334483256064,-0.024106367806695964,0.16400787545235312
255,0.5,0.12616761469916282,0.1867584310926709,0.1262435053449666,32.443416899043484,-0.024106367806695964,0.24565704621768197
255,0.75,0.1378964926302025,0.1817855009489428,0.1380869809984727,24.143294206432444,-0.024106367806695964,0.39071001009087125
255,1.0,0.17681257080521467,0.17681257080521467,0.17681257080521467,0.0,-0.024106367806695964,0.5518703054409009
256,0.0,0.11181736340978307,0.11181736340978307,0.11181736340978307,0.0,-0.1445878448185697,0.18130974588067675
256,0.25,0.09189383521472182,0.1448802850776281,0.09208022259011783,36.572574270209145,-0.1445878448185697,0.1399079599276196
256,0.5,0.11890425517412706,0.17794320674547312,0.1191829672797323,33.178536371885414,-0.1445878448185697,0.24107549382702112
256,0.75,0.17774967226263,0.21100612841331814,0.17792158123099885,15.760895856799717,-0.1445878448185697,0.3743865676524567
256,1.0,0.24406905008116317,0.24406905008116317,0.24406905008116317,0.0,-0.1445878448185697,0.5172481279533219
257,0.0,0.1818170944986657,0.1818170944986657,0.1818170944986657,0.0,-0.33069266511229656,0.2894855341015553
257,0.25,0.13003318030105515,0.21925812349242513,0.1301241862129895,40.69401934585676,-0.33069266511229656,0.18181664079285392
257,0.5,0.15337215327786347,0.2566991524861845,0.15354220466118762,40.25217777603769,-0.33069266511229656,0.34500422536914943
257,0.75,0.23508167134276012,0.294140181479944,0.23514335110204193,20.07835510267093,-0.33069266511229656,0.5741011146918882
257,1.0,0.33158121047370337,0.33158121047370337,0.33158121047370337,0.0,-0.33069266511229656,0.8157179965314689
258,0.0,0.11052497419254664,0.11052497419254664,0.11052497419254664,0.0,0.12218390501773879,0.17933608455584343
258,0.25,0.09939487330651336,0.1271494055835548,0.09932212157698392,21.82828315214015,0.12218390501773879,0.13382174290179644
258,0.5,0.11053324294503829,0.14377383697456295,0.11067868597684269,23.120057674614138,0.12218390501773879,0.26845263828466076
258,0.75,0.13887675372109465,0.16039826836557108,0.13901022314469766,13.417547997105405,0.12218390501773879,0.4404255200092775
258,1.0,0.17702269975657925,0.17702269975657925,0.17702269975657925,0.0,0.12218390501773879,0.6195717876951974
259,0.0,0.1830804496009794,0.1830804496009794,0.1830804496009794,0.0,0.19887013676280516,0.26811499629598096
259,0.25,0.16110243301207203,0.1961206842760899,0.16139831443241642,17.855460474898578,0.19887013676280516,0.21866427468650634
259,0.5,0.16684740786244667,0.20916091895120037,0.16725036960720688,20.230122960315512,0.19887013676280516,0.35322221831717526
259,0.75,0.19372816803276566,0.22220115362631088,0.19398671420370883,12.81405840107831,0.19887013676280516,0.5513881388960378
259,1.0,0.23524138830142136,0.23524138830142136,0.23524138830142136,0.0,0.19887013676280516,0.7656278450275877
260,0.0,0.07284837937134717,0.07284837937134717,0.07284837937134717,0.0,0.34608929945310174,0.18368750991733257
260,0.25,0.089042800749979,0.10801444026643058,0.08904758986869682,17.563984472498074,0.34608929945310174,0.15938835584601357
260,0.5,0.12440523452809163,0.14318050116151398,0.12439165196954334,13.11300524939707,0.34608929945310174,0.2922358489723621
260,0.75,0.16736699342338474,0.17834656205659738,0.1673456389660788,6.156310784240593,0.34608929945310174,0.461604980157153
260,1.0,0.2135126229516808,0.2135126229516808,0.2135126229516808,0.0,0.34608929945310174,0.6396288217198296
261,0.0,0.1815416383058061,0.1815416383058061,0.1815416383058061,0.0,0.27679393004469866,0.3191165266371435
261,0.25,0.1542393939757809,0.17996402347133322,0.15426226861127643,14.2943178305024,0.27679393004469866,0.2193691896260973
261,0.5,0.14231446156474614,0.17838640863686037,0.14232758566253487,20.221241824283574,0.27679393004469866,0.31732978937825906
261,0.75,0.15043114379462125,0.1768087938023875,0.1504830504384572,14.918743259595768,0.27679393004469866,0.5048688055060311
261,1.0,0.17523117896791462,0.17523117896791462,0.17523117896791462,0.0,0.27679393004469866,0.7150716918697757
262,0.0,0.174359120489271,0.174359120489271,0.174359120489271,0.0,0.013676944915128358,0.26080098645161154
262,0.25,0.154472631177301,0.20947703641275295,0.15505266357375738,26.25796420332748,0.013676944915128358,0.25188497944616195
262,0.5,0.18347926297497225,0.2445949523362349,0.18386187612750193,24.986488387237593,0.013676944915128358,0.375061128583442
262,0.75,0.242380612874269,0.27971286825971686,0.24261785160167643,13.34663493235656,0.013676944915128358,0.5450300475594789
262,1.0,0.3148307841831988,0.3148307841831988,0.3148307841831988,0.0,0.013676944915128358,0.7307650808482097
263,0.0,0.16097758563021142,0.16097758563021142,0.16097758563021142,0.0,-0.2822921994570299,0.22703687842095932
263,0.25,0.12156274441618184,0.19140674089156434,0.12167642341738122,36.48983110524331,-0.2822921994570299,0.18350142505245676
263,0.5,0.140134652237578,0.2218358961529173,0.1403806877319387,36.829586794654944,-0.2822921994570299,0.30743147725131326
263,0.75,0.20397363261643497,0.25226505141427025,0.20413459448821272,19.143126852927004,-0.2822921994570299,0.4819825472806408
263,1.0,0.28269420667562317,0.28269420667562317,0.28269420667562317,0.0,-0.2822921994570299,0.6682591840110217
264,0.0,0.1552843094061268,0.1552843094061268,0.1552843094061268,0.0,0.3120536961001674,0.16372858744878716
264,0.25,0.13599534151493062,0.15933445856785805,0.13591082880223704,14.647877968586231,0.3120536961001674,0.11853776075067826
264,0.5,0.1315454334259779,0.1633846077295893,0.13156256387490953,19.487254488689054,0.3120536961001674,0.2555516430448218
264,0.75,0.14438853360682383,0.16743475689132054,0.1444690916992982,13.764300622155579,0.3120536961001674,0.42233215336041263
264,1.0,0.17148490605305178,0.17148490605305178,0.17148490605305178,0.0,0.3120536961001674,0.5946955784034407
265,0.0,0.1651348926408755,0.1651348926408755,0.1651348926408755,0.0,0.4827991716686637,0.17270749138363498
265,0.25,0.17690687357777302,0.20389512280179706,0.17693187847312009,13.236338786906076,0.4827991716686637,0.25090143867318243
265,0.5,0.21280748515105757,0.2426553529627186,0.2128122330042565,12.300519006579192,0.4827991716686637,0.4233760302991805
265,0.75,0.2627842081807097,0.2814155831236401,0.26284261556349664,6.6205910618477475,0.4827991716686637,0.6148393989976686
265,1.0,0.3201758132845617,0.3201758132845617,0.3201758132845617,0.0,0.4827991716686637,0.8123823240103136
266,0.0,0.1468048867234628,0.1468048867234628,0.1468048867234628,0.0,-0.03951196134123684,0.22128251552423472
266,0.25,0.12491944976619329,0.17572779441781594,0.12500366438733373,28.913095290332457,-0.03951196134123684,0.17253838442480557
266,0.5,0.14670826442944185,0.2046507021121691,0.1468186850618578,28.312845782942386,-0.03951196134123684,0.3310189265902804
266,0.75,0.19828849162433743,0.23357360980652225,0.19834747029275404,15.106637351459696,-0.03951196134123684,0.5374108495940757
266,1.0,0.2624965175008754,0.2624965175008754,0.2624965175008754,0.0,-0.03951196134123684,0.7530224031309136
267,0.0,0.17415629189818244,0.17415629189818244,0.17415629189818244,0.0,-0.1393433608072711,0.24200716508298414
267,0.25,0.1496217905084386,0.2193568584402476,0.15002413342296061,31.79069413542167,-0.1393433608072711,0.22249883162029332
267,0.5,0.1870935008617754,0.2645574249823128,0.18751407368990597,29.2805707969513,-0.1393433608072711,0.362456242199354
267,0.75,0.26298601248503384,0.30975799152437805,0.2631957465125999,15.099522956347434,-0.1393433608072711,0.5513873348957767
267,1.0,0.3549585580664432,0.3549585580664432,0.3549585580664432,0.0,-0.1393433608072711,0.7526513583812866
268,0.0,0.11521251741904336,0.11521251741904336,0.11521251741904336,0.0,0.09119559039777689,0.19933597450316975
268,0.25,0.10079577612081855,0.13633833317783955,0.10080760953575665,26.069379189680518,0.09119559039777689,0.1779932210461045
268,0.5,0.11340817516909277,0.15746414893663577,0.11349110850717814,27.978415445709683,0.09119559039777689,0.32798860059250246
268,0.75,0.15149501546073757,0.17858996469543198,0.1515700863292787,15.171596724878821,0.09119559039777689,0.5117739876526466
268,1.0,0.1997157804542282,0.1997157804542282,0.1997157804542282,0.0,0.09119559039777689,0.7032480853778398
269,0.0,0.12594124017554187,0.12594124017554187,0.12594124017554187,0.0,0.4833872073243307,0.20587993167403648
269,0.25,0.12408297318966037,0.1452818991286754,0.1242677587399634,14.591580965113382,0.4833872073243307,0.1841409220740748
269,0.5,0.14003004208582423,0.16462255808180892,0.14013154908741632,14.938727889141102,0.4833872073243307,0.3253296889601844
269,0.75,0.16861742217502695,0.18396321703494242,0.16863197955003484,8.34177348453341,0.4833872073243307,0.5075118931697397
269,1.0,0.20330387598807595,0.20330387598807595,0.20330387598807595,0.0,0.4833872073243307,0.6997891461072023
270,0.0,0.11225712407111392,0.11225712407111392,0.11225712407111392,0.0,0.2706067681649425,0.17879836351990114
270,0.25,0.12308024795114371,0.15581418196034807,0.12321123121849742,21.008314902641256,0.2706067681649425,0.17868378081345965
270,0.5,0.16605355464913796,0.19937123984958224,0.1662127699159741,16.711379848759112,0.2706067681649425,0.33130848058954154
270,0.75,0.22338426124042632,0.24292829773881638,0.2235083945172715,8.045187275548592,0.2706067681649425,0.5083464792746741
270,1.0,0.28648535562805055,0.28648535562805055,0.28648535562805055,0.0,0.2706067681649425,0.6936468920319537
271,0.0,0.1994355474332894,0.1994355474332894,0.1994355474332894,0.0,0.8969655243846963,0.14332996149714455
271,0.25,0.2075234330146663,0.21209766599617394,0.20752037488961342,2.1566635163209003,0.8969655243846963,0.14844773968297814
271,0.5,0.21884649698467956,0.22475978455905848,0.21890904227472968,2.630936662437111,0.8969655243846963,0.2839858517979075
271,0.75,0.2331528381308341,0.23742190312194303,0.23322092448098242,1.798092313713906,0.8969655243846963,0.44194703066427665
271,1.0,0.2500840216848276,0.2500840216848276,0.2500840216848276,0.0,0.8969655243846963,0.6055604705192575
272,0.0,0.16463076351107192,0.16463076351107192,0.16463076351107192,0.0,0.024863599234984157,0.18725188107512744
272,0.25,0.1317892770532027,0.17651927212342206,0.1317908835936049,25.34000652288221,0.024863599234984157,0.1796172188063146
272,0.5,0.13301895157719068,0.1884077807357722,0.1329880702572158,29.398376724292607,0.024863599234984157,0.30555244808560156
272,0.75,0.16477517130738867,0.20029628934812232,0.1647348787613421,17.734286619257656,0.024863599234984157,0.4665702190224881
272,1.0,0.21218479796047246,0.21218479796047246,0.21218479796047246,0.0,0.024863599234984157,0.6377357246165432
273,0.0,0.1348662688094286,0.1348662688094286,0.1348662688094286,0.0,-0.2735111546905205,0.22840544900452558
273,0.25,0.1088962543769069,0.18509272878492466,0.10907301052550183,41.1666492294017,-0.2735111546905205,0.19375579639806018
273,0.5,0.15648184135336288,0.2353191887604207,0.15667570681124857,33.50230290285524,-0.2735111546905205,0.37943241035423514
273,0.75,0.24170644353684942,0.2855456487359168,0.2418119666995884,15.352783484230748,-0.2735111546905205,0.6035176900453474
273,1.0,0.33577210871141283,0.33577210871141283,0.33577210871141283,0.0,-0.2735111546905205,0.8370977701408444
274,0.0,0.09295854288095254,0.09295854288095254,0.09295854288095254,0.0,-0.02884311666612069,0.175345399770516
274,0.25,0.07561535540321435,0.10801936848749634,0.07584552410685969,29.998335981785416,-0.02884311666612069,0.13245295704294818
274,0.5,0.08590231494670277,0.12308019409404013,0.0860534374913518,30.20622401597075,-0.02884311666612069,0.2269960807409128
274,0.75,0.11580582762519451,0.13814101970058393,0.11588724296219624,16.168399599047557,-0.02884311666612069,0.3602654500610186
274,1.0,0.15320184530712772,0.15320184530712772,0.15320184530712772,0.0,-0.02884311666612069,0.5031124480601799
275,0.0,0.251674981032195,0.251674981032195,0.251674981032195,0.0,0.2894833434534358,0.33224236887262387
275,0.25,0.23925913779361027,0.28885011060436605,0.23943481330790803,17.168410532021518,0.2894833434534358,0.3457612572989322
275,0.5,0.2667536783194142,0.3260252401765371,0.26690851586612857,18.180053122582883,0.2894833434534358,0.47540760343112975
275,0.75,0.3245480507711933,0.3632003697487082,0.32468899763860903,10.642147474755525,0.2894833434534358,0.6572066862373098
275,1.0,0.40037549932087924,0.40037549932087924,0.40037549932087924,0.0,0.2894833434534358,0.8579038306583568
276,0.0,0.11137962097174375,0.11137962097174375,0.11137962097174375,0.0,0.08902598469484999,0.18225533909344716
276,0.25,0.09365759706106004,0.13426953159212254,0.09389302743883825,30.246574967157446,0.08902598469484999,0.1509325002414003
276,0.5,0.11389331764292045,0.15715944221250133,0.11410583732793145,27.53008280029341,0.08902598469484999,0.282428470760416
276,0.75,0.15513380733524457,0.18004935283288015,0.1553189745403062,13.838175536660724,0.08902598469484999,0.4500805974627558
276,1.0,0.20293926345325894,0.20293926345325894,0.20293926345325894,0.0,0.08902598469484999,0.6270165512819442
277,0.0,0.1471447480647342,0.1471447480647342,0.1471447480647342,0.0,-0.20743766758544674,0.21917442133477721
277,0.25,0.12093463114984583,0.1808795628645666,0.12103241058769931,33.140798642688274,-0.20743766758544674,0.1693790723963034
277,0.5,0.14011473439149472,0.214614377664399,0.1402428710249903,34.71325830248071,-0.20743766758544674,0.36251489789865365
277,0.75,0.20236202111253915,0.2483491924642314,0.2023757537019708,18.517141487510802,-0.20743766758544674,0.5934034074410995
277,1.0,0.2820840072640638,0.2820840072640638,0.2820840072640638,0.0,-0.20743766758544674,0.8311978044954361
